"CAS_n","Check?","ChemNames","SMILES"
"26305-75-9","YES","Chlorotris(triphenylphosphine)cobalt(I)","C1=CC=C(C=C1)P(C2=CC=CC=C2)C3=CC=CC=C3.C1=CC=C(C=C1)P(C2=CC=CC=C2)C3=CC=CC=C3.C1=CC=C(C=C1)P(C2=CC=CC=C2)C3=CC=CC=C3.[Cl-].[Co]"
"865-47-4","NO","Potassium tert-butoxide","CC(C)(C)[O-].[K+]"
"17979-81-6","NO","Sodium triethylborohydride","[B-](CC)(CC)CC.[Na+]"
"865-48-5","NO","Sodium tert-butoxide","CC(C)(C)[O-].[Na+]"
"14024-48-7","YES","Cobalt(2+);4-oxopent-2-en-2-olate","CC(=CC(=O)C)[O-].CC(=CC(=O)C)[O-].[Co+2]"
"10139-47-6","NO","Zinc iodide","[Zn](I)I"
"25015-63-8","NO","4,4,5,5-Tetramethyl-1,3,2-dioxaborolane","[B]1OC(C(O1)(C)C)(C)C"
"79060-88-1","NO","Sodium tetrakis[3,5-bis(trifluoromethyl)phenyl]borate","[B-](C1=CC(=CC(=C1)C(F)(F)F)C(F)(F)F)(C2=CC(=CC(=C2)C(F)(F)F)C(F)(F)F)(C3=CC(=CC(=C3)C(F)(F)F)C(F)(F)F)C4=CC(=CC(=C4)C(F)(F)F)C(F)(F)F.[Na+]"
"7440-66-6","NO","ZINC","[Zn]"
"917-54-4","NO","Methyllithium","[Li+].[CH3-]"
"6737-42-4","NO","1,3-Bis(diphenylphosphino)propane","C1=CC=C(C=C1)P(CCCP(C2=CC=CC=C2)C3=CC=CC=C3)C4=CC=CC=C4"
"68-19-9","NO","cobalt(3+);[5-(5,6-dimethylbenzimidazol-1-yl)-4-hydroxy-2-(hydroxymethyl)oxolan-3-yl] 1-[3-[2,13,18-tris(2-amino-2-oxoethyl)-7,12,17-tris(3-amino-3-oxopropyl)-3,5,8,8,13,15,18,19-octamethyl-2,7,12,17-tetrahydro-1H-corrin-21-id-3-yl]propanoylamino]propan-2-yl phosphate;cyanide","CC1=CC2=C(C=C1C)N(C=N2)C3C(C(C(O3)CO)OP(=O)([O-])OC(C)CNC(=O)CCC4(C(C5C6(C(C(C(=N6)C(=C7C(C(C(=N7)C=C8C(C(C(=N8)C(=C4[N-]5)C)CCC(=O)N)(C)C)CCC(=O)N)(C)CC(=O)N)C)CCC(=O)N)(C)CC(=O)N)C)CC(=O)N)C)O.[C-]#N.[Co+3]"
"1487195-87-8","YES","cobalt;cyclopentane;dimethyl (E)-but-2-enedioate;triethyl phosphite","CCOP(OCC)OCC.COC(=O)C=CC(=O)OC.C1CCCC1.[Co]"
"814-29-9","NO","Tributylphosphine oxide","CCCCP(=O)(CCCC)CCCC"
"26042-64-8","NO","Silver hexafluoroantimonate","F[Sb-](F)(F)(F)(F)F.[Ag+]"
"72914-19-3","NO","4,4'-Di-tert-butyl-2,2'-bipyridine","CC(C)(C)C1=CC(=NC=C1)C2=NC=CC(=C2)C(C)(C)C"
"67276-04-4","NO","Sodium tri-sec-butylborohydride","[B-](C(C)CC)(C(C)CC)C(C)CC.[Na+]"
"64-19-7","NO","Acetic acid","CC(=O)O"
"13991-08-7","NO","1,2-Bis(diphenylphosphino)benzene","C1=CC=C(C=C1)P(C2=CC=CC=C2)C3=CC=CC=C3P(C4=CC=CC=C4)C5=CC=CC=C5"
"1148-79-4","NO","2,2':6',2''-Terpyridine","C1=CC=NC(=C1)C2=NC(=CC=C2)C3=CC=CC=N3"
"35886-64-7","YES","Carbonyldiiodo(pentamethylcyclopentadienyl)cabalt","CC1=[C-]C(C(=C1C)C)(C)C.C=O.[Co+](I)I"
"34946-82-2","NO","Copper(II) trifluoromethanesulphonate","C(F)(F)(F)S(=O)(=O)O.C(F)(F)(F)S(=O)(=O)O.[Cu]"
"127-09-3","NO","Sodium acetate","CC(=O)[O-].[Na+]"
"10210-68-1","NO","Cobalt carbonyl, moistened with hexane (hexane 1-10%), >=90% (Co)","[C-]#[O+].[C-]#[O+].[C-]#[O+].[C-]#[O+].[C-]#[O+].[C-]#[O+].[C-]#[O+].[C-]#[O+].[Co+2].[Co+2]"
"12150-46-8","NO","Zirconium ionophore I","C1=CC=C(C=C1)P(C2=CC=CC=C2)[C]3[CH][CH][CH][CH]3.C1=CC=C(C=C1)P(C2=CC=CC=C2)[C]3[CH][CH][CH][CH]3.[Fe]"
"3375-31-3","NO","Palladium(2+) diacetate","CC(=O)O.CC(=O)O.[Pd]"
"22560-21-0","NO","Potassium triethylborohydride solution","[B-](CC)(CC)CC.[K+]"
"109705-14-8","NO","1-Fluoro-2,4,6-trimethylpyridinium tetrafluoroborate","[B-](F)(F)(F)F.CC1=CC(=[N+](C(=C1)C)F)C"
"100-76-5","NO","Quinuclidine","C1CN2CCC1CC2"
"12078-25-0","NO","Cyclopentadienylcobalt dicarbonyl, min. 95%","[C-]#[O+].[C-]#[O+].C1=C[CH]C=C1.[Co]"
"13462-90-3","NO","Nickel iodide","[Ni](I)I"
"14167-18-1","NO","N,N'-Bis(salicylidene)ethylenediaminocobalt(II) hydrate","C1=CC=C(C(=C1)C=NCCN=CC2=CC=CC=C2O)O.[Co]"
"18346-57-1","YES","Cobalt(II) dibromo(1,2-dimethoxyethane)","COCCOC.[Co](Br)Br"
"7778-53-2","NO","Potassium phosphate","[O-]P(=O)([O-])[O-].[K+].[K+].[K+]"
"21679-46-9","YES","Cobalt triacetoacetate","CC(=O)CC(=O)C.CC(=O)CC(=O)C.CC(=O)CC(=O)C.[Co]"
"3317-67-7","NO","Cobalt(II) phthalocyanine","C1=CC=C2C(=C1)C3=NC4=NC(=NC5=C6C=CC=CC6=C([N-]5)N=C7C8=CC=CC=C8C(=N7)N=C2[N-]3)C9=CC=CC=C94.[Co+2]"
"181422-81-1","YES","1,3-dicyclohexyl-2H-imidazol-1-ium-2-ide","C1CCC(CC1)N2C=C[N+](=[C-]2)C3CCCCC3"
"27721-02-4","NO","1,5-Bis(diphenylphosphino)pentane","C1=CC=C(C=C1)P(CCCCCP(C2=CC=CC=C2)C3=CC=CC=C3)C4=CC=CC=C4"
"824395-67-7","NO","(+)-1,2-Bis((2S,5S)-2,5-diphenylphospholano)ethane","C1CC(P(C1C2=CC=CC=C2)CCP3C(CCC3C4=CC=CC=C4)C5=CC=CC=C5)C6=CC=CC=C6"
"166330-10-5","NO","Bis(2-diphenylphosphinophenyl)ether","C1=CC=C(C=C1)P(C2=CC=CC=C2)C3=CC=CC=C3OC4=CC=CC=C4P(C5=CC=CC=C5)C6=CC=CC=C6"
"795290-34-5","NO","(1S,1'S,2R,2'R)-Duanphos","CC(C)(C)P1CC2=CC=CC=C2C1C3C4=CC=CC=C4CP3C(C)(C)C"
"75-77-4","NO","Chlorotrimethylsilane","C[Si](C)(C)Cl"
"540475-45-4","NO","1,1-Bis((2R,5R)-2,5-dimethylphospholano)ferrocene, min. 97%","[CH3-].[CH3-].CC1CCC(P1C2CCCC2)C.CC1CCC(P1C2CCCC2)C.[Fe+2]"
"23743-26-2","NO","1,2-Bis(dicyclohexylphosphino)ethane","C1CCC(CC1)P(CCP(C2CCCCC2)C3CCCCC3)C4CCCCC4"
"866081-62-1","NO","2,3-Bis(tert-butylmethylphosphino)quinoxaline","CC(C)(C)P(C)C1=NC2=CC=CC=C2N=C1P(C)C(C)(C)C"
"161265-03-8","NO","Xantphos","CC1(C2=C(C(=CC=C2)P(C3=CC=CC=C3)C4=CC=CC=C4)OC5=C1C=CC=C5P(C6=CC=CC=C6)C7=CC=CC=C7)C"
"301847-89-2","NO","(R)-C3-TunePhos","C1COC2=C(C(=CC=C2)P(C3=CC=CC=C3)C4=CC=CC=C4)C5=C(C=CC=C5P(C6=CC=CC=C6)C7=CC=CC=C7)OC1"
"429-41-4","NO","Tetrabutylammonium fluoride","CCCC[N+](CCCC)(CCCC)CCCC.[F-]"
"98327-87-8","NO","2,2'-Bis(diphenylphosphino)-1,1'-binaphthyl","C1=CC=C(C=C1)P(C2=CC=CC=C2)C3=C(C4=CC=CC=C4C=C3)C5=C(C=CC6=CC=CC=C65)P(C7=CC=CC=C7)C8=CC=CC=C8"
"128008-30-0","NO","Indium(III) trifluoromethanesulfonate","C(F)(F)(F)S(=O)(=O)[O-].C(F)(F)(F)S(=O)(=O)[O-].C(F)(F)(F)S(=O)(=O)[O-].[In+3]"
"157472-96-3","YES","Tetramethylethylene)bis(3,5-di-tert-butylsalicylideneiminato)]cobalt(II)","CC(C)(C)C1=CC(=C(C(=C1)C(C)(C)C)[O-])C=NC(C)(C)C(C)(C)N=CC2=C(C(=CC(=C2)C(C)(C)C)C(C)(C)C)[O-].[Co+2]"
"2328084-27-9","YES","(4S,4'S)-Di-tert-butyl 2,2'-(cyclopropane-1,1-diyl)bis(4,5-dihydrooxazole-4-carboxylate)","CC(C)(C)OC(=O)C1COC(=N1)C2(CC2)C3=NC(CO3)C(=O)OC(C)(C)C"
"1034901-50-2","YES","[4,4'-Bis(1,1-dimethylethyl)-2,2'-bipyridine] nickel (II) dichloride","CC(C)(C)C1=CC(=NC=C1)C2=NC=CC(=C2)C(C)(C)C.Cl[Ni]Cl"
"849950-53-4","YES","Pubchem_71310599","[B-](F)(F)(F)F.C1CC=CCCC=C1.C1CC(P(C1C2=CC=CC=C2)CCP3C(CCC3C4=CC=CC=C4)C5=CC=CC=C5)C6=CC=CC=C6.[Rh]"
"176763-62-5","NO","[[[(CH3)3C]2C6H2-2-(O-)CH=N]2C6H10]Co","CC(C)(C)C1=CC(=CNC2CCCCC2NC=C3C=C(C=C(C3=O)C(C)(C)C)C(C)(C)C)C(=O)C(=C1)C(C)(C)C.[Co]"
"23295-32-1","YES","chlorocobalt(1+);(NE)-N-[(3E)-3-hydroxyiminobutan-2-ylidene]hydroxylamine;piperidin-1-ide","CC(=NO)C(=NO)C.CC(=NO)C(=NO)C.C1CC[N-]CC1.Cl[Co+]"
"2410287-42-0","YES","(4S)-4-(Adamantan-1-yl)-2-(pyridin-2-yl)-4,5-dihydrooxazole","C1C2CC3CC1CC(C2)(C3)C4COC(=N4)C5=CC=CC=N5"
"210169-57-6","NO","(R)-DM-Segphos","CC1=CC(=CC(=C1)P(C2=C(C3=C(C=C2)OCO3)C4=C(C=CC5=C4OCO5)P(C6=CC(=CC(=C6)C)C)C7=CC(=CC(=C7)C)C)C8=CC(=CC(=C8)C)C)C"
"46389-47-3","YES","(2,2'-bipyridine) nickel(II)-dibromide","C1=CC=NC(=C1)C2=CC=CC=N2.[Ni](Br)Br"
"2246335-51-1","YES","4-(tert-Butyl)-2-(quinolin-2-yl)-4,5-dihydrooxazole","CC(C)(C)C1COC(=N1)C2=NC3=CC=CC=C3C=C2"
"870987-63-6","YES","Bis[3,5-Difluoro-2-[5-(trifluoromethyl)-2-pyridyl]phenyl]iridium(1+) 4-tert-butyl-2-(4-tert-butyl-2-pyridyl)pyridine hexafluorophosphate","CC(C)(C)C1=CC(=NC=C1)C2=NC=CC(=C2)C(C)(C)C.C1=CC(=NC=C1C(F)(F)F)C2=C(C=C(C=[C-]2)F)F.C1=CC(=NC=C1C(F)(F)F)C2=C(C=C(C=[C-]2)F)F.F[P-](F)(F)(F)(F)F.[Ir+3]"
"261733-18-0","NO","4,6-Bis(diphenylphosphino)phenoxazine","C1=CC=C(C=C1)P(C2=CC=CC=C2)C3=CC=CC4=C3OC5=C(N4)C=CC=C5P(C6=CC=CC=C6)C7=CC=CC=C7"
"155806-35-2","NO","(R)-(-)-1-[(S)-2-Diphenylphosphino)ferrocenyl]ethyldicyclohexylphosphine, 97+%","CC([C]1C=CC=C1P(C2=CC=CC=C2)C3=CC=CC=C3)P(C4CCCCC4)C5CCCCC5.C1=C[CH]C=C1.[Fe]"
"676525-77-2","YES","CID 44239994","CC(C)(C)C1=CC(=NC=C1)C2=NC=CC(=C2)C(C)(C)C.C1=CC=C([C-]=C1)C2=CC=CC=N2.C1=CC=C([C-]=C1)C2=CC=CC=N2.F[P-](F)(F)(F)(F)F.[Ir+3]"
"10049-08-8","NO","Ruthenium(III) chloride","Cl[Ru](Cl)Cl"
"13462-88-9","NO","Nickel(II) bromide","[Ni](Br)Br"
"603-35-0","NO","Triphenylphosphine","C1=CC=C(C=C1)P(C2=CC=CC=C2)C3=CC=CC=C3"
"1894189-67-3","YES","[4,4'-Bis(tert-butyl)-2,2'-bipyridine]nickel dibromide","CC(C)(C)C1=CC(=NC=C1)C2=NC=CC(=C2)C(C)(C)C.[Ni](Br)Br"
"1416881-52-1","NO","4CzIPN","C1=CC=C2C(=C1)C3=CC=CC=C3N2C4=C(C(=C(C(=C4C#N)N5C6=CC=CC=C6C7=CC=CC=C75)N8C9=CC=CC=C9C1=CC=CC=C18)N1C2=CC=CC=C2C2=CC=CC=C21)C#N"
"674783-97-2","NO","9-Mesityl-10-methylacridinium Perchlorate","CC1=CC(=C(C(=C1)C)C2=C3C=CC=CC3=[N+](C4=CC=CC=C42)C)C.[O-]Cl(=O)(=O)=O"
"7782-44-7","NO","Oxygen","O=O"
"141-52-6","YES","Ethanolate","CC[O-]"
"75-09-2","NO","Dichloromethane","C(Cl)Cl"
"13400-13-0","YES","Cesium fluoride","[F-].[Cs+]"
"110-86-1","NO","Pyridine","C1=CC=NC=C1"
"33725-74-5","NO","Tetrabutylammonium borohydride","[B-].CCCC[N+](CCCC)(CCCC)CCCC"
"865-34-9","YES","9H-Purin-2-amine, 9-(2-deoxy-beta-D-erythro-pentofuranosyl)-6-[(phenylmethyl)thio]-","C1C(C(OC1N2C=NC3=C2N=C(N=C3SCC4=CC=CC=C4)N)CO)O"
"7758-89-6","NO","Copper(I) chloride","Cl[Cu]"
"292-64-8","NO","Cyclooctane","C1CCCCCCC1"
"110-83-8","NO","Cyclohexene","C1CCC=CC1"
"865-33-8","YES","Ethyl 1-methylpyrrolidine-3-carboxylate","CCOC(=O)C1CCN(C1)C"
"1333-74-0","YES","Hydrogen","[HH]"
"7439-96-5","NO","Manganese (II) ion","[Mn]"
"7790-28-5","YES","Sodium periodate","[O-]I(=O)(=O)=O.[Na+]"
"534-17-8","NO","Cesium carbonate","C(=O)([O-])[O-].[Cs+].[Cs+]"
"630-08-0","YES","Carbon monoxide","[C-]#[O+]"
"84-58-2","NO","2,3-Dichloro-5,6-dicyano-1,4-benzoquinone","C(#N)C1=C(C(=O)C(=C(C1=O)Cl)Cl)C#N"
"76-05-1","NO","Trifluoroacetic acid","C(=O)(C(F)(F)F)O"
"141-78-6","NO","Ethyl acetate","CCOC(=O)C"
"498-66-8","NO","Norfenchene","C1CC2CC1C=C2"
"638-38-0","NO","Manganese(II) acetate","CC(=O)[O-].CC(=O)[O-].[Mn+2]"
"7087-68-5","YES","Diethyl acetamidomalonate","CCOC(=O)C(C(=O)OCC)NC(=O)C"
"280-57-9","NO","1,4-Diazabicyclo[2.2.2]octane","C1CN2CCN1CC2"
"15933-59-2","NO","1,1,3,3-Tetramethyldisilazane","C[Si](C)N[Si](C)C"
"77-73-6","NO","Dicyclopentadiene","C1C=CC2C1C3CC2C=C3"
"106-51-4","NO","1,4-Benzoquinone","C1=CC(=O)C=CC1=O"
"124-41-4","YES","Ethyl 2-(2-cyanophenoxy)acetate","CCOC(=O)COC1=CC=CC=C1C#N"
"7789-20-0","NO","Deuterium oxide","O"
"554-68-7","NO","Triethylamine hydrochloride","CCN(CC)CC.Cl"
"7439-95-4","YES","Magnesium ion","[Mg+2]"
"60-29-7","NO","Ether","CCOCC"
"910037-63-7","YES","(Isopropoxy)phenylsilane","CC(C)O[Si]C1=CC=CC=C1"
"7782-61-8","NO","Iron(III) nitrate nonahydrate","[N+](=O)([O-])[O-].[N+](=O)([O-])[O-].[N+](=O)([O-])[O-].O.O.O.O.O.O.O.O.O.[Fe+3]"
"931-88-4","NO","Cyclooctene","C1CCCC=CCC1"
"616-47-7","NO","1-Methylimidazole","CN1C=CN=C1"
"7732-18-5","NO","Water","O"
"930-68-7","NO","2-Cyclohexen-1-one","C1CC=CC(=O)C1"
"108-67-8","NO","Mesitylene","CC1=CC(=CC(=C1)C)C"
"121-44-8","NO","Triethylamine","CCN(CC)CC"
"7699-45-8","NO","Zinc bromide (ZnBr2)","[Zn](Br)Br"
"1907-33-1","NO","Lithium tert-butoxide","[Li+].CC(C)(C)[O-]"
"12125-02-9","NO","Ammonium chloride","[NH4+].[Cl-]"
"107-05-1","NO","Allyl chloride","C=CCCl"
"142-71-2","NO","Cupric acetate","CC(=O)[O-].CC(=O)[O-].[Cu+2]"
"7631-86-9","NO","Silicon dioxide","O=[Si]=O"
"429-42-5","NO","Tetrabutylammonium tetrafluoroborate","[B-](F)(F)(F)F.CCCC[N+](CCCC)(CCCC)CCCC"
"290-37-9","NO","Pyrazine","C1=CN=CC=N1"
"7681-11-0","NO","Potassium iodide","[K+].[I-]"
"7647-01-0","NO","Hydrochloric acid","Cl"
"7143-01-3","NO","Methanesulfonic anhydride","CS(=O)(=O)OS(=O)(=O)C"
"694-53-1","NO","Phenylsilane","C1=CC=C(C=C1)[Si]"
"1310-73-2","NO","Sodium hydroxide","[OH-].[Na+]"
"7647-14-5","NO","Sodium chloride","[Na+].[Cl-]"
"7722-84-1","NO","Hydrogen peroxide","OO"
"108-88-3","NO","Toluene","CC1=CC=CC=C1"
"1634-04-4","NO","Methyl tert-butyl ether","CC(C)(C)OC"
"109-99-9","NO","Tetrahydrofuran","C1CCOC1"
"1076-43-3","NO","Benzene-d6","C1=CC=CC=C1"
"68-12-2","NO","N,N-dimethylformamide","CN(C)C=O"
"71-43-2","NO","Benzene","C1=CC=CC=C1"
"109-66-0","NO","Pentane","CCCCC"
"5614-37-9","NO","Cyclopentyl methyl ether","COC1CCCC1"
"75-05-8","NO","Acetonitrile","CC#N"
"462-95-3","NO","Diethoxymethane","CCOCOCC"
"67-56-1","NO","Methanol","CO"
"142-82-5","NO","Heptane","CCCCCCC"
"127-19-5","NO","N,N-dimethylacetamide","CC(=O)N(C)C"
"110-54-3","NO","Hexane","CCCCCC"
"111-65-9","NO","Octane","CCCCCCCC"
"123-91-1","NO","Dioxane","C1COCCO1"
"107-06-2","NO","1,2-Dichloroethane","C(CCl)Cl"
"67-64-1","NO","Acetone","CC(=O)C"
"1330-20-7","YES","o-Xylene","CC1=CC=CC=C1C"
"7226-23-5","NO","1,3-Dimethyl-3,4,5,6-tetrahydro-2(1H)-pyrimidinone","CN1CCCN(C1=O)C"
"872-50-4","NO","1-Methyl-2-pyrrolidinone","CN1CCCC1=O"
"95-47-6","NO","o-Xylene","CC1=CC=CC=C1C"
"110-71-4","YES","1,2-Dimethoxyethane","COCCOC"
"920-66-1","NO","1,1,1,3,3,3-Hexafluoro-2-propanol","C(C(F)(F)F)(C(F)(F)F)O"
"19232-05-4","YES","Dichlorobis(trimethylphosphine)nickel(II)","CP(C)C.CP(C)C.Cl[Ni]Cl"
"1295-35-8","NO","Bis(1,5-cyclooctadiene)nickel","C1CC=CCCC=C1.C1CC=CCCC=C1.[Ni]"
"1663-45-2","NO","1,2-Bis(diphenylphosphino)ethane","C1=CC=C(C=C1)P(CCP(C2=CC=CC=C2)C3=CC=CC=C3)C4=CC=CC=C4"
"29046-78-4","NO","Nickel(II) chloride ethylene glycol dimethyl ether complex","COCCOC.Cl[Ni]Cl"
"28923-39-9","NO","Nibr2(dme)","COCCOC.[Ni](Br)Br"
"17217-57-1","NO","4,4'-Dimethoxy-2,2'-bipyridine","COC1=CC(=NC=C1)C2=NC=CC(=C2)OC"
"3264-82-2","NO","Nickel(II) 2,4-pentanedionate","CC(=CC(=O)C)O.CC(=CC(=O)C)O.[Ni]"
"15629-92-2","YES","1,3-Bis(diphenylphosphino)propane nickel(II) chloride","C1=CC=C(C=C1)P(CCCP(C2=CC=CC=C2)C3=CC=CC=C3)C4=CC=CC=C4.Cl[Ni]Cl"
"14647-23-5","YES","[1,2-Bis(diphenylphosphino)ethane]dichloronickel(II)","C1=CC=C(C=C1)P(CCP(C2=CC=CC=C2)C3=CC=CC=C3)C4=CC=CC=C4.Cl[Ni]Cl"
"7440-09-7","YES","Potassium ion","[K+]"
"67292-34-6","NO","2C17H14P.Cl2Ni.Fe","C1=CC=C(C=C1)P(C2=CC=CC=C2)[C]3[CH][CH][CH][CH]3.C1=CC=C(C=C1)P(C2=CC=CC=C2)[C]3[CH][CH][CH][CH]3.Cl[Ni]Cl.[Fe]"
"594-09-2","NO","Trimethylphosphine","CP(C)C"
"4411-80-7","NO","6,6'-Dimethyl-2,2'-bipyridine","CC1=NC(=CC=C1)C2=CC=CC(=N2)C"
"1134-35-6","NO","4,4'-Dimethyl-2,2'-bipyridine","CC1=CC(=NC=C1)C2=NC=CC(=C2)C"
"312696-09-6","NO","Nickel(II) bromide 2-methoxyethyl ether complex","COCCOCCOC.[Ni](Br)Br"
"111-78-4","NO","1,5-Cyclooctadiene","C1CC=CCCC=C1"
"19999-87-2","YES","Bis(tricyclohexylphosphine)nickel(II) chloride","C1CCC(CC1)P(C2CCCCC2)C3CCCCC3.C1CCC(CC1)P(C2CCCCC2)C3CCCCC3.Cl[Ni]Cl"
"7647-10-1","NO","Palladium(II) chloride","Cl[Pd]Cl"
"1762-34-1","NO","Abametapir","CC1=CN=C(C=C1)C2=NC=C(C=C2)C"
"1191-15-7","NO","Aluminum, hydrobis(2-methylpropyl)-","CC(C)C[Al]CC(C)C"
"111-66-0","NO","1-Octene","CCCCCCC=C"
"1538-75-6","NO","Trimethylacetic anhydride","CC(C)(C)C(=O)OC(=O)C(C)(C)C"
"14076-99-4","YES","(Nicl2(PY)4","C1=CC=NC=C1.C1=CC=NC=C1.C1=CC=NC=C1.C1=CC=NC=C1.Cl[Ni]Cl"
"1122-58-3","NO","4-Dimethylaminopyridine","CN(C)C1=CC=NC=C1"
"1662-01-7","NO","4,7-Diphenyl-1,10-phenanthroline","C1=CC=C(C=C1)C2=C3C=CC4=C(C=CN=C4C3=NC=C2)C5=CC=CC=C5"
"584-08-7","NO","Potassium carbonate","C(=O)([O-])[O-].[K+].[K+]"
"65-85-0","NO","Benzoic acid","C1=CC=C(C=C1)C(=O)O"
"998-40-3","NO","Tributylphosphine","CCCCP(CCCC)CCCC"
"14264-16-5","YES","Bis(triphenylphosphine)nickel(II)chloride","C1=CC=C(C=C1)P(C2=CC=CC=C2)C3=CC=CC=C3.C1=CC=C(C=C1)P(C2=CC=CC=C2)C3=CC=CC=C3.Cl[Ni]Cl"
"131864-67-0","NO","(R,R)-2,6-Bis(4-isopropyl-2-oxazolin-2-yl)pyridine","CC(C)C1COC(=N1)C2=NC(=CC=C2)C3=NC(CO3)C(C)C"
"366-18-7","NO","2,2'-Bipyridine","C1=CC=NC(=C1)C2=CC=CC=N2"
"115091-29-7","NO","4,4',4''-Tri-tert-butyl-2,2':6',2''-terpyridine","CC(C)(C)C1=CC(=NC=C1)C2=CC(=CC(=N2)C3=NC=CC(=C3)C(C)(C)C)C(C)(C)C"
"70-55-3","NO","P-Toluenesulfonamide","CC1=CC=C(C=C1)S(=O)(=O)N"
"97-93-8","NO","Triethylaluminum","CC[Al](CC)CC"
"2622-14-2","NO","Tricyclohexylphosphine","C1CCC(CC1)P(C2CCCCC2)C3CCCCC3"
"624-49-7","NO","Dimethyl fumarate","COC(=O)C=CC(=O)OC"
"544-97-8","YES","Dimethylzinc","[CH3-].[CH3-].[Zn+2]"
"1159-54-2","NO","Tris(4-chlorophenyl)phosphine","C1=CC(=CC=C1P(C2=CC=C(C=C2)Cl)C3=CC=C(C=C3)Cl)Cl"
"554-70-1","NO","Triethylphosphine","CCP(CC)CC"
"66-71-7","NO","1,10-Phenanthroline","C1=CC2=C(C3=C(C=CC=N3)C=C2)N=C1"
"14323-06-9","NO","Dichlororuthenium;2-pyridin-2-ylpyridine","C1=CC=NC(=C1)C2=CC=CC=N2.C1=CC=NC(=C1)C2=CC=CC=N2.C1=CC=NC(=C1)C2=CC=CC=N2.Cl[Ru]Cl"
"14481-08-4","YES","Nickel, bis(3,5-heptanedionato-o,o'-2,2,6,6-tetramethyl)-","CC(C)(C)C(=CC(=O)C(C)(C)C)[O-].CC(C)(C)C(=CC(=O)C(C)(C)C)[O-].[Ni+2]"
"1271-28-9","NO","Bis(eta5-2,4-cyclopentadien-1-yl)nickel","[CH-]1C=CC=C1.[CH-]1C=CC=C1.[Ni+2]"
"6163-58-2","NO","Tri-o-tolylphosphine","CC1=CC=CC=C1P(C2=CC=CC=C2C)C3=CC=CC=C3C"
"484-11-7","NO","Neocuproine","CC1=NC2=C(C=C1)C=CC3=C2N=C(C=C3)C"
"14876-47-2","NO","Iron(III) tris(2,2,6,6-tetramethyl-3,5-heptanedionate)","CC(C)(C)C(=CC(=O)C(C)(C)C)O.CC(C)(C)C(=CC(=O)C(C)(C)C)O.CC(C)(C)C(=CC(=O)C(C)(C)C)O.[Fe]"
"3109-63-5","NO","Tetrabutylammonium hexafluorophosphate","CCCC[N+](CCCC)(CCCC)CCCC.F[P-](F)(F)(F)(F)F"
"14126-37-5","YES","Bis(triphenylphosphine)nickel (II) bromide","C1=CC=C(C=C1)P(C2=CC=CC=C2)C3=CC=CC=C3.C1=CC=C(C=C1)P(C2=CC=CC=C2)C3=CC=CC=C3.[Ni+2].[Br-].[Br-]"
"12145-60-7","YES","(2-methylallyl)nickel(II) chloride","CC(=C)[CH2-].[Cl-].[Ni+2]"
"6153-92-0","NO","4,4'-Diphenyl-2,2'-bipyridine","C1=CC=C(C=C1)C2=CC(=NC=C2)C3=NC=CC(=C3)C4=CC=CC=C4"
"141-43-5","NO","Ethanolamine","C(CO)N"
"1271-19-8","NO","Bis(cyclopentadienyl)titanium dichloride, 99+% (Titanocene dichloride)","[CH]1[CH][CH][CH][CH]1.[CH]1[CH][CH][CH][CH]1.Cl[Ti]Cl"
"903592-98-3","NO","CID 11714764","CC(C)C1=C(C(=CC=C1)C(C)C)N2C=CN([C]2)C3=C(C=CC=C3C(C)C)C(C)C.C1=CC=C(C=C1)P(C2=CC=CC=C2)C3=CC=CC=C3.Cl[Ni]Cl"
"22980-76-3","YES","Ni(phen)cl2","C1=CC2=C(C3=C(C=CC=N3)C=C2)N=C1.Cl[Ni]Cl"
"4733-39-5","NO","2,9-Dimethyl-4,7-diphenyl-1,10-phenanthroline","CC1=CC(=C2C=CC3=C(C=C(N=C3C2=N1)C)C4=CC=CC=C4)C5=CC=CC=C5"
"3002-81-1","NO","5,6-Dimethyl-1,10-phenanthroline","CC1=C(C2=C(C3=C1C=CC=N3)N=CC=C2)C"
"68-05-3","NO","Tetraethylammonium iodide","CC[N+](CC)(CC)CC.[I-]"
"1092775-62-6","YES","[IR{Dfcf3ppy2(bpy)]PF6","C1=CC=NC(=C1)C2=CC=CC=N2.C1=CC(=NC=C1C(F)(F)F)C2=C(C=C(C=[C-]2)F)F.C1=CC(=NC=C1C(F)(F)F)C2=C(C=C(C=[C-]2)F)F.F[P-](F)(F)(F)(F)F.[Ir+3]"
"7786-30-3","NO","Magnesium chloride (MgCl2)","[Mg+2].[Cl-].[Cl-]"
"36697-72-0","NO","2,2'-Bis(2-oxazoline)","C1COC(=N1)C2=NCCO2"
"118949-61-4","NO","(S,S)-2,6-Bis(4-isopropyl-2-oxazolin-2-yl)pyridine","CC(C)C1COC(=N1)C2=NC(=CC=C2)C3=NC(CO3)C(C)C"
"36700-08-0","YES","Nickel, tetrakis[tris(methylphenyl) phosphite-kappaP]-","CC1=CC=C(C=C1)OP(OC2=CC=C(C=C2)C)OC3=CC=C(C=C3)C.CC1=CC=C(C=C1)OP(OC2=CC=C(C=C2)C)OC3=CC=C(C=C3)C.CC1=CC=C(C=C1)OP(OC2=CC=C(C=C2)C)OC3=CC=C(C=C3)C.CC1=CC=C(C=C1)OP(OC2=CC=C(C=C2)C)OC3=CC=C(C=C3)C.[Ni]"
"119-91-5","NO","2,2'-Biquinoline","C1=CC=C2C(=C1)C=CC(=N2)C3=NC4=CC=CC=C4C=C3"
"22775-90-2","YES","(2,2'-Bipyridine)nickel dichloride","C1=CC=NC(=C1)C2=CC=CC=N2.Cl[Ni]Cl"
"68109-03-5","YES","Tetrabutylammonium decatungstate","CCCC[N+](CCCC)(CCCC)CCCC.CCCC[N+](CCCC)(CCCC)CCCC.CCCC[N+](CCCC)(CCCC)CCCC.CCCC[N+](CCCC)(CCCC)CCCC.[O-][W](=O)(=O)[O-].[O-][W](=O)(=O)[O-]"
"13104-56-8","NO","4'-(4-Methoxyphenyl)-2,2':6',2''-terpyridine","COC1=CC=C(C=C1)C2=CC(=NC(=C2)C3=CC=CC=N3)C4=CC=CC=N4"
"940934-47-4","NO","4,5-Bis(dicyclohexylphosphino)-9,10a-dihydro-9,9-dimethyl-8aH-xanthene","CC1(C2C=CC=C(C2OC3=C1C=CC=C3P(C4CCCCC4)C5CCCCC5)P(C6CCCCC6)C7CCCCC7)C"
"6372-42-5","NO","Cyclohexyldiphenylphosphine","C1CCC(CC1)P(C2=CC=CC=C2)C3=CC=CC=C3"
"221462-97-1","NO","2,7-Di-tert-butyl-9,9-dimethyl-4,5-bis(diphenylphosphino)xanthene","CC1(C2=C(C(=CC(=C2)C(C)(C)C)P(C3=CC=CC=C3)C4=CC=CC=C4)OC5=C1C=C(C=C5P(C6=CC=CC=C6)C7=CC=CC=C7)C(C)(C)C)C"
"181422-72-0","NO","1,3-Dicyclohexyl-imidazolium chloride","C1CCC(CC1)N2C=C[N+](=C2)C3CCCCC3.[Cl-]"
"13716-12-6","NO","Tri-tert-butylphosphine","CC(C)(C)P(C(C)(C)C)C(C)(C)C"
"7789-24-4","YES","Lithium fluoride","[Li+].[F-]"
"158589-14-1","YES","2,6-Di(5-methylpyridine-2-yl)pyridine","CC1=CN=C(C=C1)C2=NC(=CC=C2)C3=NC=C(C=C3)C"
"7650-91-1","NO","Benzyldiphenylphosphine","C1=CC=C(C=C1)CP(C2=CC=CC=C2)C3=CC=CC=C3"
"141556-45-8","NO","1,3-Bis(2,4,6-trimethylphenyl)imidazolium chloride","CC1=CC(=C(C(=C1)C)N2C=C[N+](=C2)C3=C(C=C(C=C3C)C)C)C.[Cl-]"
"286014-38-8","NO","1,3-Dicyclohexylimidazolium Tetrafluoroborate","[B-](F)(F)(F)F.C1CCC(CC1)N2C=C[N+](=C2)C3CCCCC3"
"2234-97-1","NO","Tripropylphosphine","CCCP(CCC)CCC"
"357209-32-6","NO","2,6-Bis((3aR,8aS)-8,8a-dihydro-3aH-indeno[1,2-d]oxazol-2-yl)pyridine","C1C2C(C3=CC=CC=C31)N=C(O2)C4=NC(=CC=C4)C5=NC6C(O5)CC7=CC=CC=C67"
"7718-54-9","NO","Nickel chloride","Cl[Ni]Cl"
"51285-26-8","NO","Picolinimidamide hydrochloride","C1=CC=NC(=C1)C(=N)N.Cl"
"76189-56-5","NO","2,2'-Bis(diphenylphosphino)-1,1'-binaphthyl","C1=CC=C(C=C1)P(C2=CC=CC=C2)C3=C(C4=CC=CC=C4C=C3)C5=C(C=CC6=CC=CC=C65)P(C7=CC=CC=C7)C8=CC=CC=C8"
"4731-53-7","NO","Trioctylphosphine","CCCCCCCCP(CCCCCCCC)CCCCCCCC"
"58656-04-5","NO","Tricyclohexylphosphonium tetrafluoroborate","[B-](F)(F)(F)F.C1CCC(CC1)[PH+](C2CCCCC2)C3CCCCC3"
"7650-88-6","NO","Tricyclopentylphosphine","C1CCC(C1)P(C2CCCC2)C3CCCC3"
"6476-37-5","NO","Dicyclohexylphenylphosphine","C1CCC(CC1)P(C2CCCCC2)C3=CC=CC=C3"
"1486-28-8","NO","Methyldiphenylphosphine","CP(C1=CC=CC=C1)C2=CC=CC=C2"
"302598-31-8","YES","(+)-2,2'-Isopropylidenebis[(4R)-4-phenyl-2-oxazoline]","CC(C)(C1=NC(CO1)C2=CC=CC=C2)C3=NC(CO3)C4=CC=CC=C4"
"185346-09-2","NO","2,6-Bis((3aS,8aR)-8,8a-dihydro-3aH-indeno[1,2-d]oxazol-2-yl)pyridine","C1C2C(C3=CC=CC=C31)N=C(O2)C4=NC(=CC=C4)C5=NC6C(O5)CC7=CC=CC=C67"
"2185014-88-2","YES","(4S,4'S)-2,2'-Cyclohexylidenebis[4,5-dihydro-4-phenyloxazole]","C1CCC(CC1)(C2=NC(CO2)C3=CC=CC=C3)C4=NC(CO4)C5=CC=CC=C5"
"286014-37-7","YES","1,3-dicyclohexyl-1H-imidazol-3-ium","C1CCC(CC1)N2C=C[N+](=C2)C3CCCCC3"
"14221-01-3","NO","Tetrakis(triphenylphosphine)palladium","C1=CC=C(C=C1)P(C2=CC=CC=C2)C3=CC=CC=C3.C1=CC=C(C=C1)P(C2=CC=CC=C2)C3=CC=CC=C3.C1=CC=C(C=C1)P(C2=CC=CC=C2)C3=CC=CC=C3.C1=CC=C(C=C1)P(C2=CC=CC=C2)C3=CC=CC=C3.[Pd]"
"665004-47-7","YES","4-Methyl-2-(2-pyridyl)-2-oxazoline","CC1COC(=N1)C2=CC=CC=N2"
"31785-68-9","YES","9-Azabicyclo[3.3.1]nonane N-oxyl radical","C1CC2CCCC(C1)N2[O]"
"40759-64-6","YES","carbanide;(1Z,5Z)-cycloocta-1,5-diene;nickel;2,3,5,6-tetramethylcyclohexa-2,5-diene-1,4-dione","[CH3-].[CH3-].[CH3-].[CH3-].CC1=C(C(=O)C(=C(C1=O)C)C)C.C1CC=CCCC=C1.[Ni]"
"258278-25-0","NO","1,3-Bis(2,6-diisopropylphenyl)-imidazolidinium-chloride","CC(C)C1=C(C(=CC=C1)C(C)C)N2CCN(C2)C3=C(C=CC=C3C(C)C)C(C)C.Cl"
"123640-38-0","NO","2,6-Di(1-pyrazolyl)pyridine","C1=CC(=NC(=C1)N2C=CC=N2)N3C=CC=N3"
"2094476-37-4","YES","(4S,4'S)-4,4'-Di(heptan-4-yl)-4,4',5,5'-tetrahydro-2,2'-bioxazole","CCCC(CCC)C1COC(=N1)C2=NC(CO2)C(CCC)CCC"
"2378751-17-6","YES","(4R,4'R)-4,4'-Dicyclohexyl-4,4',5,5'-tetrahydro-2,2'-bioxazole","C1CCC(CC1)C2COC(=N2)C3=NC(CO3)C4CCCCC4"
"6147-53-1","NO","Cobalt(II) acetate tetrahydrate","CC(=O)[O-].CC(=O)[O-].O.O.O.O.[Co+2]"
"128249-70-7","NO","2,6-Bis[(4R)-4-phenyl-2-oxazolinyl]pyridine","C1C(N=C(O1)C2=NC(=CC=C2)C3=NC(CO3)C4=CC=CC=C4)C5=CC=CC=C5"
"1428328-51-1","NO","(4S,4'S)-2,2'-(1,3-bis(4-(tert-butyl)phenyl)propane-2,2-diyl)bis(4-phenyl-4,5-dihydrooxazole)","CC(C)(C)C1=CC=C(C=C1)CC(CC2=CC=C(C=C2)C(C)(C)C)(C3=NC(CO3)C4=CC=CC=C4)C5=NC(CO5)C6=CC=CC=C6"
"2054779-48-3","YES","[2-Oxo-8-[3,4,5-trihydroxy-6-(hydroxymethyl)oxan-2-yl]oxy-3,9-dioxatricyclo[5.3.1.04,11]undeca-1(10),5-dien-6-yl]methyl methylsulfanylformate","CSC(=O)OCC1=CC2C3C1C(OC=C3C(=O)O2)OC4C(C(C(C(O4)CO)O)O)O"
"2094987-84-3","YES","(4R,4'R)-4,4'-Di(heptan-4-yl)-4,4',5,5'-tetrahydro-2,2'-bioxazole","CCCC(CCC)C1COC(=N1)C2=NC(CO2)C(CCC)CCC"
"229184-98-9","YES","2,2'-(Cyclopropane-1,1-diyl)bis(8,8a-dihydro-3aH-indeno[1,2-d]oxazole)","C1CC1(C2=NC3C(O2)CC4=CC=CC=C34)C5=NC6C(O5)CC7=CC=CC=C67"
"10026-11-6","YES","Metronidazole","CC1=NC=C(N1CCO)[N+](=O)[O-]"
"59831-02-6","NO","[1,3-Bis(diphenylphosphino)propane]palladium(II) Dichloride","C1=CC=C(C=C1)P(CCCP(C2=CC=CC=C2)C3=CC=CC=C3)C4=CC=CC=C4.Cl[Pd]Cl"
"131457-46-0","NO","Oxazole, 2,2'-(1-methylethylidene)bis[4,5-dihydro-4-phenyl-, (4S,4'S)-","CC(C)(C1=NC(CO1)C2=CC=CC=C2)C3=NC(CO3)C4=CC=CC=C4"
"23582-02-7","NO","Bis(2-diphenylphosphinoethyl)phenylphosphine","C1=CC=C(C=C1)P(CCP(C2=CC=CC=C2)C3=CC=CC=C3)CCP(C4=CC=CC=C4)C5=CC=CC=C5"
"2662585-14-8","YES","(S)-4-(tert-Butyl)-5,5-diphenyl-2-(pyridin-2-yl)-4,5-dihydrooxazole","CC(C)(C)C1C(OC(=N1)C2=CC=CC=N2)(C3=CC=CC=C3)C4=CC=CC=C4"
"71071-46-0","NO","Dimethyl [2,2'-bipyridine]-4,4'-dicarboxylate","COC(=O)C1=CC(=NC=C1)C2=NC=CC(=C2)C(=O)OC"
"141362-76-7","YES","2,2'-Bis[(4R)-4-Benzyl-2-Oxazoline]","C1C(N=C(O1)C2=NC(CO2)CC3=CC=CC=C3)CC4=CC=CC=C4"
"131042-77-8","NO","1,3-Diadamantylimidazol-2-ylidene","C1C2CC3CC1CC(C2)(C3)N4C=C[N+](=[C-]4)C56CC7CC(C5)CC(C7)C6"
"7681-65-4","NO","Copper(l)iodide","[Cu+].[I-]"
"137349-65-6","NO","Bis(dicyclohexylphosphino)methane","C1CCC(CC1)P(CP(C2CCCCC2)C3CCCCC3)C4CCCCC4"
"2303959-54-6","YES","4-(tert-Butyl)-2-(5,6,7,8-tetrahydroquinolin-2-yl)-4,5-dihydrooxazole","CC(C)(C)C1COC(=N1)C2=NC3=C(CCCC3)C=C2"
"14324-99-3","NO","Tris(2,2,6,6-tetramethyl-3,5-heptanedionato)manganese(III)","CC(C)(C)C(=CC(=O)C(C)(C)C)O.CC(C)(C)C(=CC(=O)C(C)(C)C)O.CC(C)(C)C(=CC(=O)C(C)(C)C)O.[Mn]"
"60804-74-2","NO","Tris(2,2'-bipyridine)ruthenium bis(hexafluorophosphate)","C1=CC=NC(=C1)C2=CC=CC=N2.C1=CC=NC(=C1)C2=CC=CC=N2.C1=CC=NC(=C1)C2=CC=CC=N2.F[P-](F)(F)(F)(F)F.F[P-](F)(F)(F)(F)F.[Ru+2]"
"7789-19-7","YES","Copper;difluoride","[F-].[F-].[Cu+2]"
"6185-76-8","YES","4-Methoxy-4'-trifluoromethylbenzophenone","COC1=CC=C(C=C1)C(=O)C2=CC=C(C=C2)C(F)(F)F"
"7440-02-0","NO","Nickel","[Ni]"
"50525-27-4","NO","Tris(2,2'-bipyridyl)ruthenium(II) chloride hexahydrate","C1=CC=NC(=C1)C2=CC=CC=N2.C1=CC=NC(=C1)C2=CC=CC=N2.C1=CC=NC(=C1)C2=CC=CC=N2.O.O.O.O.O.O.[Cl-].[Cl-].[Ru+2]"
"143334-20-7","YES","Hydrogen cyanide","C#N"
"6476-36-4","NO","Triisopropylphosphine","CC(C)P(C(C)C)C(C)C"
"15522-59-5","NO","Tetrabutylammonium tetraphenylborate","[B-](C1=CC=CC=C1)(C2=CC=CC=C2)(C3=CC=CC=C3)C4=CC=CC=C4.CCCC[N+](CCCC)(CCCC)CCCC"
"138429-17-1","YES","(4S,4'S)-4,4'-Diisobutyl-4,4',5,5'-tetrahydro-2,2'-bioxazole","CC(C)CC1COC(=N1)C2=NC(CO2)CC(C)C"
"133463-89-5","YES","(4S,4'S)-4,4'-Di((S)-sec-butyl)-4,4',5,5'-tetrahydro-2,2'-bioxazole","CCC(C)C1COC(=N1)C2=NC(CO2)C(C)CC"
"100-99-2","YES","1H-Benzimidazole-2-methanol","C1=CC=C2C(=C1)NC(=N2)CO"
"1639791-77-7","YES","2,2'-Cyclopentylidenebis[(4S)-4-phenyl-2-oxazoline]","C1CCC(C1)(C2=NC(CO2)C3=CC=CC=C3)C4=NC(CO4)C5=CC=CC=C5"
"173035-10-4","NO","1,3-Dimesitylimidazolidine hydrochloride","CC1=CC(=C(C(=C1)C)N2CCN(C2)C3=C(C=C(C=C3C)C)C)C.Cl"
"1246401-49-9","YES","(4R,4'R)-2,2'-(cyclopentane-1,1-diyl)bis(4-phenyl-4,5-dihydrooxazole)","C1CCC(C1)(C2=NC(CO2)C3=CC=CC=C3)C4=NC(CO4)C5=CC=CC=C5"
"100-52-7","NO","Benzaldehyde","C1=CC=C(C=C1)C=O"
"142946-80-3","YES","5,5'-Bis(trifluoromethyl)-2,2'-bipyridine","C1=CC(=NC=C1C(F)(F)F)C2=NC=C(C=C2)C(F)(F)F"
"1639408-64-2","YES","Bis [2-(2,4-difluorophenyl)-5-trifluoromethylpyridine] [1,10-phenanthroline] iridium hexafluorophosphate","C1=CC2=C(C3=C(C=CC=N3)C=C2)N=C1.C1=CC(=C(C=C1F)F)C2=NC=C(C=C2)C(F)(F)F.C1=CC(=C(C=C1F)F)C2=NC=C(C=C2)C(F)(F)F.F[P-](F)(F)(F)(F)F.F[P-](F)(F)(F)(F)F.F[P-](F)(F)(F)(F)F.[Ir+3]"
"165125-95-1","YES","2,6-Bis(4,5-dihydrooxazol-2-yl)pyridine","C1COC(=N1)C2=NC(=CC=C2)C3=NCCO3"
"7688-25-7","NO","1,4-Bis(diphenylphosphino)butane","C1=CC=C(C=C1)P(CCCCP(C2=CC=CC=C2)C3=CC=CC=C3)C4=CC=CC=C4"
"497-19-8","NO","Sodium carbonate","C(=O)([O-])[O-].[Na+].[Na+]"
"103-50-4","NO","Dibenzyl ether","C1=CC=C(C=C1)COCC2=CC=CC=C2"
"120144-90-3","YES","Methyl(oxo)alumane","C[Al]=O"
"127-08-2","NO","Potassium acetate","CC(=O)[O-].[K+]"
"60-12-8","NO","2-Phenylethanol","C1=CC=C(C=C1)CCO"
"16940-66-2","NO","Sodium;boron(1-)","[B-].[Na+]"
"998-30-1","NO","Triethoxysilane","CCO[Si](OCC)OCC"
"14610-37-8","NO","N-Methyl-tert-butylamine","CC(C)(C)NC"
"536-75-4","NO","4-Ethylpyridine","CCC1=CC=NC=C1"
"7789-23-3","NO","Potassium fluoride","[F-].[K+]"
"3999-38-0","NO","Borane-2-picoline complex","[B].CC1=CC=CC=N1"
"37342-97-5","NO","Bis(cyclopentadienyl)zirconium chloride","[H-].C1C=CC=[C-]1.C1C=CC=[C-]1.[Cl-].[Zr+4]"
"333-27-7","NO","Methyl trifluoromethanesulfonate","COS(=O)(=O)C(F)(F)F"
"77253-67-9","NO","(1,1-2H2)-2,2,2-Trifluoroetane-1-(2H)ol","C(C(F)(F)F)O"
"1643-19-2","NO","Tetrabutylammonium bromide","CCCC[N+](CCCC)(CCCC)CCCC.[Br-]"
"7681-82-5","NO","Sodium iodide","[Na+].[I-]"
"591-17-3","NO","3-Bromotoluene","CC1=CC(=CC=C1)Br"
"1149-23-1","NO","Diethyl 1,4-dihydro-2,6-dimethyl-3,5-pyridinedicarboxylate","CCOC(=O)C1=C(NC(=C(C1)C(=O)OCC)C)C"
"2031-62-1","NO","Diethoxymethylsilane","CCO[Si](C)OCC"
"74-85-1","YES","Ethylene","C=C"
"917-58-8","YES","Dihexylenetriaminepentakismethylenephosphonic acid, sodium salt","C(CCCN(CP(=O)(O)O)CP(=O)(O)O)CCN(CCCCCCN(CP(=O)(O)O)CP(=O)(O)O)CP(=O)(O)O.[Na+]"
"655-32-3","NO","2,2,2,4'-Tetrafluoroacetophenone","C1=CC(=CC=C1C(=O)C(F)(F)F)F"
"6674-22-2","NO","1,8-Diazabicyclo[5.4.0]undec-7-ene","C1CCC2=NCCCN2CC1"
"554-13-2","NO","Lithium carbonate","[Li+].[Li+].C(=O)([O-])[O-]"
"78-83-1","NO","Isobutanol","CC(C)CO"
"16853-85-3","YES","Lithium tetrahydridoaluminate","[Li+].[AlH4-]"
"108-48-5","NO","2,6-Dimethylpyridine","CC1=NC(=CC=C1)C"
"20734-58-1","NO","1,8-Bis(dimethylamino)naphthalene","CN(C)C1=CC=CC2=C1C(=CC=C2)N(C)C"
"141-53-7","NO","Sodium formate","C(=O)[O-].[Na+]"
"1112-67-0","NO","Tetrabutylammonium chloride","CCCC[N+](CCCC)(CCCC)CCCC.[Cl-]"
"311-28-4","NO","Tetrabutylammonium iodide","CCCC[N+](CCCC)(CCCC)CCCC.[I-]"
"139-02-6","YES","Sodium phenoxide","C1=CC=C(C=C1)[O-].[Na+]"
"7758-11-4","NO","Dipotassium hydrogen phosphate","OP(=O)([O-])[O-].[K+].[K+]"
"25714-09-4","YES","2,6-Dimethylpyridine;perchloric acid","CC1=NC(=CC=C1)C.OCl(=O)(=O)=O"
"553-90-2","NO","Dimethyl oxalate","COC(=O)C(=O)OC"
"75-89-8","NO","2,2,2-Trifluoroethanol","C(C(F)(F)F)O"
"109-72-8","NO","Butyllithium","[Li+].CCC[CH2-]"
"7775-41-9","NO","Silver(I) fluoride","F[Ag]"
"96-47-9","NO","2-Methyltetrahydrofuran","CC1CCCO1"
"1652-14-8","YES","Potassium 2,2,2-trifluoroethan-1-olate","C(C(F)(F)F)[O-].[K+]"
"22092-92-8","YES","Diisopropylaminoborane","[B]N(C(C)C)C(C)C"
"532-32-1","NO","Sodium benzoate","C1=CC=C(C=C1)C(=O)[O-].[Na+]"
"768-66-1","NO","2,2,6,6-Tetramethylpiperidine","CC1(CCCC(N1)(C)C)C"
"108-18-9","NO","Diisopropylamine","CC(C)NC(C)C"
"542-91-6","NO","Diethylsilane","CC[Si]CC"
"7558-79-4","NO","Disodium hydrogen phosphate","OP(=O)([O-])[O-].[Na+].[Na+]"
"43729-97-1","YES","Ethanamine, N-methylene-","CCN=C"
"7560-83-0","NO","N-Cyclohexyl-N-methylcyclohexanamine","CN(C1CCCCC1)C2CCCCC2"
"2487-90-3","NO","Trimethoxysilane","CO[Si](OC)OC"
"7550-35-8","NO","Lithium bromide","[Li+].[Br-]"
"142-72-3","NO","Magnesium acetate","CC(=O)[O-].CC(=O)[O-].[Mg+2]"
"629-92-5","NO","Nonadecane","CCCCCCCCCCCCCCCCCCC"
"112-40-3","NO","Dodecane","CCCCCCCCCCCC"
"97-94-9","NO","Triethylborane","B(CC)(CC)CC"
"108-75-8","NO","2,4,6-Trimethylpyridine","CC1=CC(=NC(=C1)C)C"
"75-26-3","NO","2-Bromopropane","CC(C)Br"
"110-97-4","NO","Diisopropanolamine","CC(CNCC(C)O)O"
"996-70-3","NO","Tetrakis(dimethylamino)ethylene","CN(C)C(=C(N(C)C)N(C)C)N(C)C"
"29536-33-2","YES","Tetrabutylammonium dibutylphosphate","CCCC[N+](CCCC)(CCCC)CCCC.CCCCOP(=O)([O-])OCCCC"
"626-67-5","YES","N-Methylpiperidine","CN1CCCCC1"
"101-02-0","NO","Triphenyl phosphite","C1=CC=C(C=C1)OP(OC2=CC=CC=C2)OC3=CC=CC=C3"
"98-85-1","NO","1-Phenylethanol","CC(C1=CC=CC=C1)O"
"7758-02-3","NO","Potassium bromide","[K+].[Br-]"
"381-73-7","NO","Difluoroacetic acid","C(C(=O)O)(F)F"
"7719-09-7","NO","Thionyl chloride","O=S(Cl)Cl"
"102-82-9","NO","Tributylamine","CCCCN(CCCC)CCCC"
"7601-54-9","NO","Trisodium phosphate","[O-]P(=O)([O-])[O-].[Na+].[Na+].[Na+]"
"80-70-6","NO","1,1,3,3-Tetramethylguanidine","CN(C)C(=N)N(C)C"
"144-55-8","NO","Sodium bicarbonate","C(=O)(O)[O-].[Na+]"
"13826-27-2","NO","4,5-Dihydro-2,2'-bibenzo[d][1,3,2]dioxaborole","B1(OC2=C(O1)C=CCC2)B3OC4=CC=CC=C4O3"
"4039-32-1","NO","Lithium bis(trimethylsilyl)amide","[Li+].C[Si](C)(C)[N-][Si](C)(C)C"
"2166-14-5","YES","Dimethyl 1,2,4,5-tetrazine-3,6-dicarboxylate","COC(=O)C1=NN=C(N=N1)C(=O)OC"
"524-38-9","NO","N-Hydroxyphthalimide","C1=CC=C2C(=C1)C(=O)N(C2=O)O"
"173962-59-9","YES","4-methyl-N-hydroxyphthalimide","CC1=CC2=C(C=C1)C(=O)N(C2=O)O"
"2226728-58-9","YES","2-(1,3-Dioxoisoindolin-2-yl)-1,1,3,3-tetramethylisouronium hexafluorophosphate(V)","CN(C)C(=[N+](C)C)ON1C(=O)C2=CC=CC=C2C1=O.F[P-](F)(F)(F)(F)F"
"56859-55-3","YES","2,2,2-Trifluoroethoxytrimethylsilane","C[Si](C)(C)OCC(F)(F)F"
"63212-53-3","NO","2-Chloro-3-ethylbenzoxazolium tetrafluoroborate","[B-](F)(F)(F)F.CC[N+]1=C(OC2=CC=CC=C21)Cl"
"7447-41-8","NO","Lithium chloride","[Li+].[Cl-]"
"1873-77-4","NO","Tris(trimethylsilyl)silane","C[Si](C)(C)[Si]([Si](C)(C)C)[Si](C)(C)C"
"164298-23-1","NO","Fluoro-N,N,N',N'-tetramethylformamidinium hexafluorophosphate","CN(C)C(=[N+](C)C)F.F[P-](F)(F)(F)(F)F"
"27175-64-0","NO","2,3-Dimethylpyridine","CC1=C(N=CC=C1)C"
"373-68-2","NO","Tetramethylammonium fluoride","C[N+](C)(C)C.[F-]"
"10377-51-2","NO","Lithium iodide","[Li+].[I-]"
"13292-87-0","NO","Dimethyl sulfide borane","[B].CSC"
"7182-86-7","NO","Tetrabutylammonium 4-toluenesulfonate","CCCC[N+](CCCC)(CCCC)CCCC.CC1=CC=C(C=C1)S(=O)(=O)[O-]"
"7789-46-0","NO","Iron dibromide","[Fe+2].[Br-].[Br-]"
"1068-55-9","NO","Magnesium, chloro(1-methylethyl)-","C[CH-]C.[Mg+2].[Cl-]"
"1310-58-3","NO","Potassium hydroxide","[OH-].[K+]"
"109-06-8","NO","2-Methylpyridine","CC1=CC=CC=N1"
"25377-83-7","NO","1-Octene","CCCCCCC=C"
"7553-56-2","NO","Iodine","II"
"27176-10-9","NO","Potassium phosphate tribasic monohydrate","O.[O-]P(=O)([O-])[O-].[K+].[K+].[K+]"
"16881-77-9","NO","Methyldimethoxysilane","CO[Si](C)OC"
"304-59-6","NO","Sodium potassium tartrate","C(C(C(=O)[O-])O)(C(=O)[O-])O.[Na+].[K+]"
"1600-44-8","NO","Tetramethylene sulfoxide","C1CCS(=O)C1"
"25436-74-2","YES","Tris(triethylsilyl)silane","CC[Si](CC)(CC)[Si]([Si](CC)(CC)CC)[Si](CC)(CC)CC"
"29965-97-7","NO","1,3-Cyclooctadiene","C1CCC=CC=CC1"
"139-33-3","NO","Edetate disodium","C(CN(CC(=O)O)CC(=O)[O-])N(CC(=O)O)CC(=O)[O-].[Na+].[Na+]"
"766-09-6","NO","1-Ethylpiperidine","CCN1CCCCC1"
"17950-94-6","NO","Diphenyl(silane-d2)","C1=CC=C(C=C1)[SiH2]C2=CC=CC=C2"
"538-75-0","NO","Dicyclohexylcarbodiimide","C1CCC(CC1)N=C=NC2CCCCC2"
"1923-70-2","NO","Tetrabutylammonium perchlorate","CCCC[N+](CCCC)(CCCC)CCCC.[O-]Cl(=O)(=O)=O"
"693-13-0","NO","N,N'-Diisopropylcarbodiimide","CC(C)N=C=NC(C)C"
"588-72-7","YES","Benzene, bromoethenyl-","C1=CC=C(C=C1)C=CBr"
"13755-29-8","NO","Sodium tetrafluoroborate","[B-](F)(F)(F)F.[Na+]"
"4119-41-9","NO","1-Iodo-3-phenylpropane","C1=CC=C(C=C1)CCCI"
"6864-37-5","NO","Bis(4-amino-3-methylcyclohexyl)methane","CC1CC(CCC1N)CC2CCC(C(C2)C)N"
"358-23-6","NO","Trifluoromethanesulfonic anhydride","C(F)(F)(F)S(=O)(=O)OS(=O)(=O)C(F)(F)F"
"9004-73-3","NO","CID 12487658","C[Si]1CCCCO1"
"128-08-5","NO","N-bromosuccinimide","C1CC(=O)N(C1=O)Br"
"2857-97-8","NO","Bromotrimethylsilane","C[Si](C)(C)Br"
"29858-07-9","NO","Magnesium bromide diethyl etherate","CCOCC.[Mg+2].[Br-].[Br-]"
"7681-38-1","YES","Sodium hydrogen sulfate","OS(=O)(=O)[O-].[Na+]"
"7772-98-7","NO","Sodium thiosulfate","[O-]S(=O)(=S)[O-].[Na+].[Na+]"
"108-87-2","NO","Methylcyclohexane","CC1CCCCC1"
"100-66-3","NO","Anisole","COC1=CC=CC=C1"
"67-68-5","NO","Dimethyl sulfoxide","CS(=O)C"
"110-82-7","NO","Cyclohexane","C1CCCCC1"
"108-20-3","YES","Diisopropyl ether","CC(C)OC(C)C"
"64-17-5","NO","Ethanol","CCO"
"75-65-0","NO","tert-Butanol","CC(C)(C)O"
"115-10-6","YES","Dimethyl ether","COC"
"5306-85-4","NO","Dimethyl isosorbide","COC1COC2C1OCC2OC"
"67-66-3","NO","Chloroform","C(Cl)(Cl)Cl"
"111-96-6","NO","Diglyme","COCCOCCOC"
"108-21-4","NO","Isopropyl acetate","CC(C)OC(=O)C"
"96-54-8","NO","1-Methylpyrrole","CN1C=CC=C1"
"98-08-8","NO","Benzotrifluoride","C1=CC=C(C=C1)C(F)(F)F"
"108-32-7","NO","Propylene carbonate","CC1COC(=O)O1"
"811-98-3","NO","Methanol-d4","CO"
"80-73-9","NO","1,3-Dimethyl-2-imidazolidinone","CN1CCN(C1=O)C"
"402-31-3","NO","1,3-Bis(trifluoromethyl)benzene","C1=CC(=CC(=C1)C(F)(F)F)C(F)(F)F"
"110-80-5","NO","2-Ethoxyethanol","CCOCCO"
"2453-03-4","NO","1,3-Dioxan-2-one","C1COC(=O)OC1"
"1641581-58-9","YES","1641581-58-9","C=1C=C[N]2=C(C1)C3=CC=CC=4C=5C=CC=C[N]5[Co+]2([N]34)[CH2-][Si](C)(C)C"
"1578190-27-8","YES","1578190-27-8","C=1C=C2[N]3=C(C1)C[P](C(C)C)(C(C)C)[Co+]3([CH2-][Si](C)(C)C)[P](C2)(C(C)C)C(C)C"
"2097731-28-5","YES","2097731-28-5","[H-][Co+2]123[N](=C(C(=[N]2CCC[P]1(C=4C=CC=CC4)C=5C=CC=CC5)C)C)CCC[P]3(C=6C=CC=CC6)C=7C=CC=CC7"
"1600527-17-0","YES","1600527-17-0","[Cl-][Co+2]12([Cl-])[N]=3C=CC=CC3C4=CC=CC(=[N]41)C[P]2(C(C)C)C(C)C"
"1863906-70-0","YES","1863906-70-0","N#[N][Co+5]=1=2[C-]=3C(=CC=CC3N4C=5C=CC=CC5N(C=6C(=CC=CC6C(C)C)C(C)C)[C-2]41)N7C=8C=CC=CC8N(C=9C(=CC=CC9C(C)C)C(C)C)[C-2]72"
"2173036-40-1","YES","2173036-40-1","Cl[P]12N3C=4C=CC=CC4[P](C=5C=CC=CC5)(C=6C=CC=CC6)[Co+2]1([Cl-])([Cl-])[P](C=7C=CC=CC7)(C=8C=CC=CC8)C=9C=CC=CC9N2CC3"
"2222868-47-3","YES","2222868-47-3","C=1C=CC(=CC1)[P]2(C=3C=CC=CC3)C=4C=CC=CC4[NH-][Co+2]56782C=9(C)C8(C)=C7(C)[C-]6(C)C95C"
"1641581-60-3","YES","1641581-60-3","C=1C=C(C(=C(C1)C(C)C)[N]2=C(C(=[N](C=3C(=CC=CC3C(C)C)C(C)C)[Co+]245[CH2]=[CH]5[CH2-]4)C)C)C(C)C"
"2374233-34-6","YES","2374233-34-6","O=C1C2=CC=CC=3C=4OCC([N]4[Co+2]([Cl-])([Cl-])([N]23)[NH]1C=5C(=CC=CC5C(C)C)C(C)C)C(C)C"
"2026610-73-9","YES","2026610-73-9","O=C([O-][Co+2]123(O=C([O-]1)C)[N]=4C=CC=CC4C5=CC(=CC(C=6C=CC=C[N]62)=[N]53)C7=CC=C(C=C7)N(C)C)C"
"1234351-63-3","YES","1234351-63-3","C1=CC=2C(=[N](C3CCCCC3)[Co+]4([N]2C(=C1)C(=[N]4C5CCCCC5)C)[CH3-])C"
"1459797-98-8","YES","1459797-98-8","[N-]1C(C=2C=CC=CC2)=[N](C=3C(=CC=CC3C(C)C)C(C)C)[Co+2]([N-]([Si](C)(C)C)[Si](C)(C)C)[P]1(C(C)(C)C)C(C)(C)C"
"1877348-67-8","YES","1877348-67-8","O1C=2C=3C=CC=C4C(=[N](C5=C(C=CC=C5C(C)C)C(C)C)[Co+]([N]34)([N]2C(C1)C(C)C)[CH3-])C"
"1632280-07-9","YES","1632280-07-9","[Cl-][Co+2]12([Cl-])[N]3=C(C=CC=C3C(=[N]1C4=C(C=CC=C4C(C)C)C(C)C)C)C=5OCC([N]52)C(C)(C)C"
"2071741-36-9","YES","2071741-36-9","O=C([O-][Co+3]123(O=C([O-]1)C(C)(C)C)[N]=4C(=CC(=CC4C[P]2(C(C)C)C(C)C)C)C[P]3(C(C)C)C(C)C)C(C)(C)C"
"1978314-72-5","YES","1978314-72-5","[H-][Co+3]12([H-])([B-]3OC(C)(C)C(O3)(C)C)[N]=4C(=CC(=CC4C[P]1(C(C)C)C(C)C)C)C[P]2(C(C)C)C(C)C"
"1632299-28-5","YES","1632299-28-5","[Cl-][Co+2]12([Cl-])[N]3=C(C=CC=C3C(=[N]1C4=C(C=CC=C4C(C)C)C(C)C)C)C=5OCC([N]52)C(C)C"
"21373-88-6","YES","21373-88-6","[H-][Co+]([N]#N)([P](C=1C=CC=CC1)(C=2C=CC=CC2)C=3C=CC=CC3)([P](C=4C=CC=CC4)(C=5C=CC=CC5)C=6C=CC=CC6)[P](C=7C=CC=CC7)(C=8C=CC=CC8)C=9C=CC=CC9"
"1847470-86-3","YES","1847470-86-3","C=1(C(=[N](C2CCCCC2)[Co+2]([N]1C3CCCCC3)([CH2-][Si](C)(C)C)[CH2-][Si](C)(C)C)C)C"
"2180965-73-3","YES","2180965-73-3","C=1C=CC(=CC1)[P]2(C=3C=CC=CC3)CC[N]4=C5C=6C=CC=C7C=CC=C(C76)C5=[N](C=8C(=CC(=CC8C)C)C)[Co+]42[CH2-][Si](C)(C)C"
"2247831-11-2","YES","2247831-11-2","[Br-][Co+2]12([Br-])[N]3=C(C=CC=C3C(=[N]1C=4C=CC=CC4C(C)(C)C)C)C(=[N]2C5=CC=CC=C5C(C)(C)C)C"
"1632280-01-3","YES","1632280-01-3","[Cl-][Co+2]12([Cl-])[N]3=C(C=CC=C3C(=[N]1C4=C(C=CC=C4C(C)C)C(C)C)C)C=5OCC([N]52)C(C)C"
"1632280-08-0","YES","1632280-08-0","[Cl-][Co+2]12([Cl-])[N]3=C(C=CC=C3C(=[N]1C4=C(C=CC=C4C(C)C)C(C)C)C)C=5OCC([N]52)CC=6C=CC=CC6"
"207129-97-3","YES","207129-97-3","[Cl-][Co+2]12([Cl-])[N]3=C(C=CC=C3C(=[N]1C=4C(=CC=CC4C(C)C)C(C)C)C)C(=[N]2C5=C(C=CC=C5C(C)C)C(C)C)C"
"2140175-28-4","YES","2140175-28-4","[Br-][Co+2]12([Br-])[N]3=C(C=CC=C3C(=[N]1C4=C(C=CC=C4C)C)C)C=5N(C=6C=CC=CC6)CC([N]52)C(C)C"
"18078-25-6","YES","18078-25-6","[Cl-][Co+2]1([Cl-])[P](C=2C=CC=CC2)(C=3C=CC=CC3)CCC[P]1(C=4C=CC=CC4)C=5C=CC=CC5"
"2095304-37-1","YES","2095304-37-1","[Cl-][Co+2]12([Cl-])[N]=3C=CC=CC3C4=CC=CC(C=5OCC([N]51)C(C)(C)C)=[N]42"
"2142641-66-3","YES","2142641-66-3","N(CC)(CC)CC[N-]12CC[N](CC)(CC)[Co+2]1([CH2-][Si](C)(C)C)[N-]3(CCN(CC)CC)CC[N](CC)(CC)[Co+2]23[CH2-][Si](C)(C)C"
"2149005-03-6","YES","2149005-03-6","FC(F)(F)C=1C=C(C=C(C1)[P]2(C=3C=C(C=C(C3)C(F)(F)F)C(F)(F)F)C=4C=CC=CC4C=5OCC(C=6C=CC=CC6)[N]5[Co+2]2([Br-])[Br-])C(F)(F)F"
"2677828-86-1","YES","2677828-86-1","O=C1OCCCCCCOC(=O)C2CC2C(=O)NC3=CC=CC=4NC(=O)C5CC5C(=O)OCCCCCCOC(=O)C6CC6C(=O)NC7=CC=CC(NC(=O)C8CC18)=C7C=9C=%10C=CC%11=C(C%12=CC=C%13C(=C%14C=CC=%15C(=C%16C=CC9[N-]%16[Co+2]([N]%11%10)([N]%15%14)[N-]%12%13)C=%17C(OC=%18C=CC=CC%18)=CC=CC%17OC=%19C=CC=CC%19)C34)C=%20C(OC=%21C=CC=CC%21)=CC=CC%20OC=%22C=CC=CC%22"
"1001353-69-0","YES","1001353-69-0","[Br-][Co+2]1([Br-])[P](C=2C=CC=CC2)(C=3C=CC=CC3)CCC[P]1(C=4C=CC=CC4)C=5C=CC=CC5"
"48165-45-3","YES","48165-45-3","[Br-][Co+2]1([Br-])[N]=2C=CC=C3C=CC4=CC=C[N]1=C4C32"
"875712-84-8","YES","875712-84-8","[Br-][Co+2]12([Br-])[N]3=C(C=CC=C3C(=[N]1C=4C(=CC=CC4C(C)C)C(C)C)C)C(=[N]2C5=C(C=CC=C5C(C)C)C(C)C)C"
"48165-46-4","YES","48165-46-4","[Cl-][Co+2]1([Cl-])[N]=2C=CC=C3C=CC4=CC=C[N]1=C4C32"
"30233-16-0","YES","30233-16-0","[H-][Co+]([P](C)(C)C)([P](C)(C)C)([P](C)(C)C)[P](C)(C)C"
"2051581-30-5","YES","2051581-30-5","[Cl-][Co+2]1([Cl-])[N]=2C=CC=CC2C=[N]1C=3C(=CC=CC3C(C)C)C(C)C"
"2149004-99-7","YES","2149004-99-7","[Br-][Co+2]1([Br-])[N]2=C(OCC2C=3C=CC=CC3)C=4C=CC=CC4[P]1(C=5C=CC=CC5)C=6C=CC=CC6"
"2750337-61-0","YES","2750337-61-0","[O-]1C2=C(C=C(C=C2C(C)(C)C)C(C)(C)C)C=[N]3C(C=4C=CC=CC4C=5C=CC=CC5)C(C=6C=CC=CC6C=7C=CC=CC7)[N]8=CC=9C=C(C=C(C9[O-][Co+2]138)C(C)(C)C)C(C)(C)C"
"2396589-39-0","YES","2396589-39-0","[Br-][Co+2]12([Br-])[N]3=C(C=CC=C3C(=[N]1C=4C=CC=CC4CCC)C)C(=[N]2C5=CC=CC=C5CCC)C"
"2730020-53-6","YES","2730020-53-6","C=1C=C2[N]3=C(C1)C(C)(C)[P](C(C)C)(C(C)C)[Co+]3([CH3-])[P](C(C)C)(C(C)C)C2(C)C"
"851915-21-4","YES","851915-21-4","C=1C=C2C(=[N](C3=C(C=C(C=C3C)C)C)[Co+]4([N]2=C(C1)C(=[N]4C5=C(C=C(C=C5C)C)C)C)[CH3-])C"
"1516933-41-7","YES","1516933-41-7","C=1C(=CC=2C(=[N](C=3C(=CC(=CC3C)C)C)[Co+]4([N]2C1C(=[N]4C=5C(=CC(=CC5C)C)C)C)[CH3-])C)N6CCCC6"
"33516-93-7","YES","33516-93-7","[H-][Co+]([P](OCC)(OCC)C=1C=CC=CC1)([P](OCC)(OCC)C=2C=CC=CC2)([P](OCC)(OCC)C=3C=CC=CC3)[P](OCC)(OCC)C=4C=CC=CC4"
"41089-88-7","YES","41089-88-7","[H-][Co+]([P](OCC)(OCC)C=1C=CC=CC1)([P](OCC)(OCC)C=2C=CC=CC2)([P](OCC)(OCC)C=3C=CC=CC3)[P](OCC)(OCC)C=4C=CC=CC4"
"265995-34-4","YES","265995-34-4","O(C1=CC=CC=2C=[N]3C4CCCCC4[N]5=CC=6C=CC=C(OC)C6[O-][Co+2]35[O-]C12)C"
"69393-67-5","YES","69393-67-5","[CH2]1=[CH2][Co+]123456([CH2]=[CH2]2)[CH]=7[CH]6=[CH]5[CH-]4[CH]73"
"34775-49-0","YES","34775-49-0","[Br-][Co+2]1([Br-])[P](C=2C=CC=CC2)(C=3C=CC=CC3)CC[P]1(C=4C=CC=CC4)C=5C=CC=CC5"
"1578190-64-3","YES","1578190-64-3","[Cl-][Co+]12[N]=3C(=CC=CC3C[P]1(C(C)C)C(C)C)C[P]2(C(C)C)C(C)C"
"46932-17-6","YES","46932-17-6","[O-][N]1=C(C(=[N](O)[Co+3]12([Cl-])([Cl-])[N]([O-])=C(C(=[N]2O)C)C)C)C"
"23638-66-6","YES","23638-66-6","[O-][N]1=C(C(=[N](O)[Co+3]12([Cl-])([Cl-])[N](O)=C(C(=[N]2O)C)C)C)C"
"1150097-00-9","YES","1150097-00-9","O#C[Co+]12345([CH](C(=O)OC)=[CH]1C(=O)OC)[CH]=6[CH]5=[CH]4[CH-]3[CH]62"
"14854-50-3","YES","14854-50-3","[Cl-][Co+2]12([Cl-])[N]=3C=CC=CC3C4=CC=CC(C=5C=CC=C[N]51)=[N]42"
"673452-64-7","YES","673452-64-7","C=1C=CC23=C4(C1)[CH]5=[CH]6[C-]2(C7CC(C)CCC7C(C)C)[Co+]89%105643[CH]=%11CC[CH]%10=[CH]9CC[CH]%118"
"1814291-67-2","YES","1814291-67-2","C=1C=C2C3=CC=CC(=[N]3[Co]4([N]2=C(C1)C)[N]=5C(=CC=CC5C)C6=CC=CC(=[N]64)C)C"
"483979-48-2","YES","483979-48-2","[O-][N]1=C(C(=[N](O)[Co+3]12([Cl-])([N]([O-])=C(C(=[N]2O)C)C)[N]3=CC=C(C=C3)N(C)C)C)C"
"1792972-58-7","YES","1792972-58-7","[H-][Co+3]12([H-])([B-]3OC(C)(C)C(O3)(C)C)[N]=4C(=CC(=CC4C[P]1(C(C)C)C(C)C)N5CCCC5)C[P]2(C(C)C)C(C)C"
"736928-75-9","YES","736928-75-9","[Cl-][Co+2]12([Cl-])[N]=3C=CC=CC3C4=CC(=CC(C=5C=CC=C[N]51)=[N]42)C=6C=CN=CC6"
"210155-45-6","YES","210155-45-6","[Cl-][Co+2]12([Cl-])[N]=3C(=CC=CC3C(=[N]1C4=C(C=C(C=C4C)C)C)C)C(=[N]2C5=C(C=C(C=C5C)C)C)C"
"1600527-14-7","YES","1600527-14-7","[Cl-][Co+2]12([Cl-])[N]=3C=CC=CC3C4=CC=CC(=[N]41)C[P]2(C(C)(C)C)C(C)(C)C"
"1943726-11-1","YES","1943726-11-1","[Cl-][Co+2]12([Cl-])[N]=3C=CC=CC3C(C=4C=CC=CC4)=[N]2C=5C=CC=CC5[P]1(C=6C=CC=CC6)C=7C=CC=CC7"
"1087216-52-1","YES","1087216-52-1","[Cl-][Co+2]12([Cl-])[N]=3C(=CC=CC3C[P]1(C(C)C)C(C)C)C[P]2(C(C)C)C(C)C"
"2094503-97-4","YES","2094503-97-4","[Br-][Co+2]12([Br-])[N]=3C(=CC=CC3N(CC)[Si-]41N(C(C=5C=CC=CC5)=[N+]4C(C)(C)C)C(C)(C)C)N(CC)[Si-]62N(C(C=7C=CC=CC7)=[N+]6C(C)(C)C)C(C)(C)C"
"1847470-87-4","YES","1847470-87-4","O=C([O-][Co+2]1([O-]C(=O)C(CC)CCCC)[N](=C(C(=[N]1C2CCCCC2)C)C)C3CCCCC3)C(CC)CCCC"
"2378121-38-9","YES","2378121-38-9","[Br-][Co+2]1([Br-])[N]2=C(OCC2C=3C=CC=CC3)C=4C=CC=CC4[P]1(C5CCCCC5)C6CCCCC6"
"2564747-02-8","YES","2564747-02-8","O=S(=O)([O-][Co+2]123([O-]S(=O)(=O)C(F)(F)F)[N]4=C(C=CC=C4C(=[N]1C(C)C)C)C5=CC=CC(C(=[N]2C(C)C)C)=[N]53)C(F)(F)F"
"2378121-39-0","YES","2378121-39-0","[Br-][Co+2]1([Br-])[N]2=C(OC(C=3C=CC=CC3)C2C)C=4C=CC=CC4[P]1(C5CCCCC5)C6CCCCC6"
"1890222-59-9","YES","1890222-59-9","[Cl-][Co+2]1([Cl-])[N]2=C(OCC2C)[C-]34[CH]5=[CH]6[CH]7=C3([P]1(C(C)C)C(C)C)[Fe+2]89%10%116754[CH]=%12[CH]%11=[CH]%10[CH-]9[CH]%128"
"2720603-09-6","YES","2720603-09-6","[Br-][Co+2]12([Br-])[N]3=C(C=CC=C3C(=[N]1C4=C(C=CC=C4C)C)C)C=5N(C=6C=CC=CC6)CC([N]52)C(C)(C)C"
"1914931-89-7","YES","1914931-89-7","[Cl-][Co+2]12([Cl-])[N]3=C(C=CC=C3C[P]1(C(C)(C)C)C(C)(C)C)C(=[N]2C=4C(=CC=CC4C(C)C)C(C)C)C"
"2720603-07-4","YES","2720603-07-4","[Br-][Co+2]12([Br-])[N]3=C(C=CC=C3C(=[N]1C4=C(C=CC=C4C(C)C)C(C)C)C)C=5OCC([N]52)C(C)(C)C"
"1973459-26-5","YES","1973459-26-5","[Cl-][Co+2]12([Cl-])[N]3=C(C=CC=C3C(=[N]1C4=C(C=CC=C4C)C)C)C=5OCC([N]52)CC=6C=CC=CC6"
"2304972-43-6","YES","2304972-43-6","O=C1C2=CC=CC(=[N]2[Co+2]([Cl-])([Cl-])[NH]1C=3C=CC=CC3C4=NC(CN4C=5C=CC=CC5)C(C)(C)C)C"
"1890222-58-8","YES","1890222-58-8","[Cl-][Co+2]1([Cl-])[N]2=C(OCC2C)[C-]34[CH]5=[CH]6[CH]7=C3([P]1(C=8C=CC=CC8)C=9C=CC=CC9)[Fe+2]%10%11%12%136754[CH]=%14[CH]%13=[CH]%12[CH-]%11[CH]%14%10"
"1075704-39-0","YES","1075704-39-0","OC=1C=CC(O)=C(C1)C=2C=CC=3[O-][Co+2]45[O-]C6=CC=C(C=C6C=[N]5C7=CC=CC=C7[N]4=CC3C2)C=8C=C(O)C=CC8O"
"2538482-51-6","YES","2538482-51-6","ClC1=CC=C2C(=C1)[N]3=CC=4C=C(C=CC4[O-][Co+2]53[O-]C6=CC=C(C=C6C=[N]25)C=7C=C(O)C=CC7O)C8=CC(O)=CC=C8O"
"2538482-56-1","YES","2538482-56-1","OC1=CC=C(O)C(=C1)C=2C=CC=3[O-][Co+2]45[O-]C=6C=CC(=CC6C=[N]5C=7C=C(OC)C=CC7[N]4=CC3C2)C8=CC(O)=CC=C8O"
"2230256-26-3","YES","2230256-26-3","[Cl-][Co+2]1([N]=2C=CC=CC2)[N](=CC3=CC=C(C=4C(=CC=CC4C)C)[N-]31)C=5C(=CC=CC5C(C)C)C(C)C"
"368891-67-2","YES","368891-67-2","N(=C(C=C(NC=1C(=CC(=CC1C)C)C)C)C)C=2C(=CC(=CC2C)C)C"
"2538482-58-3","YES","2538482-58-3","OC1=CC=C(O)C(=C1)C=2C=CC=3[O-][Co+2]45[O-]C=6C=CC(=CC6C=[N]5C7CCCCC7[N]4=CC3C2)C8=CC(O)=CC=C8O"
"1075704-40-3","YES","1075704-40-3","OC1=CC=C(O)C(=C1)C=2C=CC=3[O-][Co+2]456[O-]C=7C=CC(=CC7C=[N]6CCC[N]5(C)CCC[N]4=CC3C2)C8=CC(O)=CC=C8O"
"2538482-57-2","YES","2538482-57-2","OC1=CC=C(O)C(=C1)C=2C=CC=3[O-][Co+2]45[O-]C=6C=CC(=CC6C=[N]5CC[N]4=CC3C2)C7=CC(O)=CC=C7O"
"2311832-10-5","YES","2311832-10-5","N=1C=CC(OC2CCCCC2)=CC1C=3N=CC=C(OC4CCCCC4)C3"
"2095701-46-3","YES","2095701-46-3","[Cl-][Ni+2]1([Cl-])[N]2=C(OC3CC=4C=CC=CC4C23)C5(C=6OC7CC=8C=CC=CC8C7[N]61)CC5"
"1680200-58-1","YES","1680200-58-1","[Cl-][Co+2]12([Cl-])[N](C=3C(=CC(=CC3C)C)C)=C4C5=CC=CC6=CC=CC(=C65)C4=[N]2CC[P]1(C(C)C)C(C)C"
"1680200-57-0","YES","1680200-57-0","[Cl-][Co+2]12([Cl-])[N]3=C(C=CC=4C=CC5=CC=C([N]1=C5C43)C[P]2(C(C)C)C(C)C)C"
"1995866-04-0","YES","1995866-04-0","[Cl-][Co+2]12([Cl-])[N]3=C(C=CC=C3C(C)(C)[NH]1C=4C(=CC=CC4C)C)C=5OCC([N]52)CC=6C=CC=CC6"
"1680200-59-2","YES","1680200-59-2","[Cl-][Co+2]12([Cl-])[N](C=3C(=CC=CC3C(C)C)C(C)C)=C4C5=CC=CC6=CC=CC(=C65)C4=[N]2CC[P]1(C(C)C)C(C)C"
"33847-51-7","YES","33847-51-7","[Cl-][Co+2]12([Cl-])[P](C=3C=CC=CC3)(C=4C=CC=CC4)CC[P]2(C=5C=CC=CC5)CC[P]1(C=6C=CC=CC6)C=7C=CC=CC7"
"16997-64-1","YES","16997-64-1","[Br-][Co+2]12([Br-])([P](C=3C=CC=CC3)(C=4C=CC=CC4)CC[P]1(C=5C=CC=CC5)C=6C=CC=CC6)[P](C=7C=CC=CC7)(C=8C=CC=CC8)CC[P]2(C=9C=CC=CC9)C=%10C=CC=CC%10"
"871656-24-5","YES","871656-24-5","[Cl-][Ni+2]1([Cl-])[N]2=C(C=CC=C2C)C3=CC=CC(=[N]31)C"
"NA","YES","NA",
"2189683-12-1","YES","2189683-12-1","O1B(OC(C)(C)C1(C)C)C2=CC=C(C=CC=C)C=C2"
"29429-58-1","YES","29429-58-1","O([Al](C)C)[Al](C)C"
"1004-09-7","YES","1004-09-7","[Na].OC(C=1C=CC=CC1)C"
"680192-98-7","YES","680192-98-7","O1BOC(C)(C)C1(C)C"
"2376471-02-0","YES","2376471-02-0","O1BOC(C)(CC)C1(C)CC"
"840525-02-2","YES","840525-02-2","O=C1N(C=2C=CC=CC2)C(=O)C3CC(C4=CC(=C(C=C4C13)C)C)(C)C(O)C=5C=CC=C(C5)N(=O)=O"
"2230171-54-5","YES","2230171-54-5","[Cl-][Ni+2]12O=C([CH-]C(=[N]2CC[P]1(C=3C=CC=CC3)C=4C=CC=CC4)C)C"
"2307606-21-7","YES","2307606-21-7","C1=CN([C-2](N1C2CCCCC2)=[Ni+4]3(=[C-2]4N(C=CN4C5CCCCC5)C6CCCCC6)[CH]=7CC[CH]8=[CH](CC[CH]73)[Ni+4]8(=[C-2]9N(C=CN9C%10CCCCC%10)C%11CCCCC%11)=[C-2]%12N(C=CN%12C%13CCCCC%13)C%14CCCCC%14)C%15CCCCC%15"
"2307606-22-8","YES","2307606-22-8","C1=CN([C-2](N1C2CCCCC2)=[Ni+4]3(=[C-2]4N(C=CN4C5CCCCC5)C6CCCCC6)[CH2]=[CH2]3)C7CCCCC7"
"2307606-23-9","YES","2307606-23-9","C1=CN([C-2](N1C2CCCCC2)=[Ni+4]3(=[C-2]4N(C=CN4C5CCCCC5)C6CCCCC6)[CH]=7CCCCCC[CH]73)C8CCCCC8"
"2073878-15-4","YES","2073878-15-4","O=C([O-][Ni+2]1([O-]C(=O)C(C)(C)C)[N](=C(C(=[N]1C2CCCCC2)C)C)C3CCCCC3)C(C)(C)C"
"2073878-16-5","YES","2073878-16-5","O=C([O-][Ni+2]1([O-]C(=O)C(C)(C)C)[N](=C(C(=[N]1C2CC3CC(C2C)C3(C)C)C)C)C4CC5CC(C4C)C5(C)C)C(C)(C)C"
"1962167-57-2","YES","1962167-57-2","[Br-][Ni+4]([Br-])(=[C-2]1N(C=2C(=CC(=CC2C)C)C)CCN1C=3C(=CC(=CC3C)C)C)[P](OCC)(OCC)OCC"
"2640505-89-9","YES","2640505-89-9","[Br-][Ni+2]([Br-])([N]1=CC=C(C=C1)C(C)(C)C)[N]2=CC=C(C=C2)C(C)(C)C"
"2248551-72-4","YES","2248551-72-4","[F-][Ni+2]([C-]=1C=CC=CC1)([P](C2CCCCC2)(C3CCCCC3)C4CCCCC4)[P](C5CCCCC5)(C6CCCCC6)C7CCCCC7"
"2378151-65-4","YES","2378151-65-4","[F-][Ni+2]([C-]=1C=CC=CC1C)([P](C2CCCCC2)(C3CCCCC3)C4CCCCC4)[P](C5CCCCC5)(C6CCCCC6)C7CCCCC7"
"680624-03-7","YES","680624-03-7","O=S(=O)([O-][Ni+2]([C-]1=CC=C(OC)C=C1)([P](C2CCCCC2)(C3CCCCC3)C4CCCCC4)[P](C5CCCCC5)(C6CCCCC6)C7CCCCC7)C8=CC=C(C=C8)C"
"55659-60-4","YES","55659-60-4","[Cl-][Ni+2]1([Cl-])[P](C=2C=CC=CC2)(C=3C=CC=CC3)CCC[P]1(C=4C=CC=CC4)C=5C=CC=CC5"
"51320-65-1","YES","51320-65-1","CC[P](CC)(CC)[Ni]([P](CC)(CC)CC)([P](CC)(CC)CC)[P](CC)(CC)CC"
"2152657-54-8","YES","2152657-54-8","C=1C=CC(=CC1)C=2N(C=3C(=CC=CC3C(C)C)C(C)C)C=4C=5C=CC=C[C-]5[Ni+2]67([C-]4[N+]2C=8C(=CC=CC8C(C)C)C(C)C)[CH]=9CCCCC[CH-]7[CH]96"
"2304362-17-0","YES","2304362-17-0","[O-]1C=2C=CC=CC2[P](C=3C=CC=CC3)(C=4C=CC=CC4)[Ni+2]15678C=9(C)C8(C)=C7(C)[C-]6(C)C95C"
"2092571-49-6","YES","2092571-49-6","[O-]1C=2C=CC=CC2[P](C=3C=CC=CC3)(C=4C=CC=CC4)[Ni+2]15678C=9(C)C8(C)=C7(C)[C-]6(C)C95C"
"854737-21-6","YES","854737-21-6","[Cl-]1[Ni+3]2([Cl-][Ni+3]12=[C-2]3N(C=CN3C=4C(=CC=CC4C(C)C)C(C)C)C=5C(=CC=CC5C(C)C)C(C)C)=[C-2]6N(C=CN6C=7C(=CC=CC7C(C)C)C(C)C)C=8C(=CC=CC8C(C)C)C(C)C"
"383863-73-8","YES","383863-73-8","CC[P](CC)(CC)[Ni]1([P](CC)(CC)CC)[Ge](C)(C)C2345[BH]678[BH]9%10%11[BH]%12%13%14[BH]96%15[BH]%12%16%17[BH]%13%18%19[BH]%10%14%20[BH]%1175[BH]%20%182C%16%194([Ge]1(C)C)[BH]%158%173"
"219584-52-8","YES","219584-52-8","CC[P](CC)(CC)[Ni+2]1([Si-](C)(C)C2345[BH]678[BH]9%10%11[BH]%12%13%14[BH]96%15[BH]%12%16%17[BH]%13%18%19[BH]%10%14%20[BH]%1175[BH]%20%182C%16%194([Si-]1(C)C)[BH]%158%173)[P](CC)(CC)CC"
"2073878-14-3","YES","2073878-14-3","C=1(C(=[N](C2CCCCC2)[Ni+2]([N]1C3CCCCC3)([CH2-][Si](C)(C)C)[CH2-][Si](C)(C)C)C)C"
"2304667-33-0","YES","2304667-33-0","[Cl-][Ni+2]12([Cl-])[N]3=CC=CN3C4=CC=CC(N5C=CC=[N]51)=[N]42"
"1632496-53-7","YES","1632496-53-7","C=1C=C(C(=C(C1)C(C)C)[N]2=C(C=3C=CC4=CC=C5C(=[N](C6=C(C=CC=C6C(C)C)C(C)C)[Ni]789%10%11[N]5=C4[N]3[Ni]2%12%13%14%11[CH]=%15[CH]%14=[CH]%13%10[CH]9=[CH]8[CH]%15%127)C)C)C(C)C"
"2305954-76-9","YES","2305954-76-9","[Cl-][Ni+2]1([C-]=2C=CC=CC2C)[P]3(C=4C=CC=CC4[P]51C6(OC7(OC(OC5(C)C7)(C)C6)C)C)C8(OC9(OC(OC3(C)C9)(C)C8)C)C"
"1998756-52-7","YES","1998756-52-7","[Cl-][Ni+2]1([C-]=2C=CC=CC2C)[P](C3CCCCC3)(C4CCCCC4)C(C)C56=[CH]7[CH]8=[CH]9[C-]5([P]1(C%10CCCCC%10)C%11CCCCC%11)[Fe+2]%12%13%14%158796[CH]=%16[CH]%15=[CH]%14[CH-]%13[CH]%16%12"
"112187-53-8","YES","112187-53-8","[Br-][Ni+2]1([Br-])[N]2=C(C=CC=C2C)C3=CC=CC(=[N]31)C"
"32823-77-1","YES","32823-77-1","FC(F)(F)C1=O[Ni+2]23([O-]C(=O[Ni+2]45([O-]1)[CH2]=[CH]5[CH2-]4)C(F)(F)F)[CH2]=[CH]3[CH2-]2"
"1902911-45-8","YES","1902911-45-8","[Cl-][Ni+2]1([C-]=2C=CC=CC2C)[P](C=3C=CC=CC3C)(C=4C=CC=CC4C)C=5C=CC=CC5[P]61C7(OC8(OC(OC6(C)C8)(C)C7)C)C"
"1370406-89-5","YES","1370406-89-5","[Cl-][Ni+2]1([Cl-])[N]2=CC=C(OC)C=3C=CC4=C(OC)C=C[N]1=C4C32"
"2253637-40-8","YES","2253637-40-8","[Br-][Ni+2]1([Br-])[N]2=C(OC(C=3C=CC=CC3)(C=4C=CC=CC4)C2C=5C=CC=CC5)C(C=6OC(C=7C=CC=CC7)(C=8C=CC=CC8)C(C=9C=CC=CC9)[N]61)(C)C"
"2515516-49-9","YES","2515516-49-9","O1C=2C=3C=CC4=CC=C5C=6OC(C=7C=CC=CC7)(C=8C=CC=CC8)C([N]6[Ni+]9%10[O-]C(=O[Ni]%10([N]3C4=[N]59)[N]2C(C1(C=%11C=CC=CC%11)C=%12C=CC=CC%12)C(C)(C)C)C)C(C)(C)C"
"2347423-31-6","YES","2347423-31-6","O=C1C2=CC=CC(=[N]2[Ni+2]3([Br-])([Br-])[OH]CC[NH]13)C"
"2290490-29-6","YES","2290490-29-6","[Cl-][Ni+2]1([C-]=2C=CC=CC2C)[P](C=3C=CC=CC3)(C=4C=CC=CC4)C=5C=CC=CC5[P]61C7(OC8(OC(OC6(C)C8)(C)C7)C)C"
"13873-42-2","YES","13873-42-2","[Br-][Ni+2]([Br-])([N]=1C=CC=CC1C)[N]=2C=CC=CC2C"
"2627238-46-2","YES","2627238-46-2","[Br-][Ni+2]1([Br-])[N]2=C(OC3CC=4C=CC=CC4C23)C5(C=6OC7CC=8C=CC=CC8C7[N]61)CC5"
"2370037-82-2","YES","2370037-82-2","O(C=1C=CC=2C3=[C-]([N+](C=4C(=CC=CC4C(C)C)C(C)C)=C(C=5C=CC=CC5)N3C=6C(=CC=CC6C(C)C)C(C)C)[Ni+2]78([C-]2C1)[CH]=9CCCCC[CH-]8[CH]97)C"
"1815631-96-9","YES","1815631-96-9","[Cl-][Ni+4]1234(=[C-2]5N(N=CN5CC=6C=CC=CC6)C(C)C)[CH]=7[CH]4=[CH]3[CH-]2[CH]71"
"1303613-81-1","YES","1303613-81-1","[Cl-][Ni+2]1([Cl-])[N]2=CC=C(OC)C=C2C=3C=C(OC)C=C[N]31"
"18750-53-3","YES","18750-53-3","[Cl-][Ni+2]1([Cl-])[P](C=2C=CC=CC2)(C=3C=CC=CC3)CCCC[P]1(C=4C=CC=CC4)C=5C=CC=CC5"
"2365168-22-3","YES","2365168-22-3","N=1C=2N=C(C=CC2C=CC1C(=NC=3C(=CC=CC3C4CCCC4)C5CCCC5)C)C(=NC=6C(=CC=CC6C7CCCC7)C8CCCC8)C"
"2020384-21-6","YES","2020384-21-6","[Cl-][Ni+4]([Cl-])(=[C-2]1N(C=CN1C=2C(=CC(=CC2C)C)C)C=3C(=CC(=CC3C)C)C)[P](C4CCCCC4)(C5CCCCC5)C6CCCCC6"
"2260749-13-9","YES","2260749-13-9","O1=C2C=CC3=CC=CC4=CC=C([O-][Ni+2]15(O=C6C=CC7=CC=CC8=CC=C([O-]5)C6=C78)(O9CCCC9)O%10CCCC%10)C2=C34"
"1126519-07-0","YES","1126519-07-0","N1=C(C=CC=C1C2=NC(COC)C(O2)C=3C=CC=CC3)C4=NC(COC)C(O4)C=5C=CC=CC5"
"141643-71-2","YES","141643-71-2","[Cl-][Ni+2]([C-]=1C=CC=CC1C)([P](C)(C)C)[P](C)(C)C"
"904691-00-5","YES","904691-00-5","N=1C=C(C=CC1C=2N=CC(=CC2)N3C=4C=CC=CC4C=5C=CC=CC53)N6C=7C=CC=CC7C=8C=CC=CC86"
"2055363-46-5","YES","2055363-46-5","C=1C=CC(=C(C1)C)C(NC)C(NC)C=2C=CC=CC2C"
"2055363-47-6","YES","2055363-47-6","C=1C=CC(=C(C1)C)C(NC)C(NC)C=2C=CC=CC2C"
"916480-65-4","YES","916480-65-4","[Cl-].C=1C=C(C(=C(C1)C(C)C)N2C=[N+](C=3C(=CC=CC3C(C)C)C(C)C)C(=C2C)C)C(C)C"
"2761771-65-5","YES","2761771-65-5","N1=C(OC(CCC(C)C)(CCC(C)C)C1C=2C=CC=CC2)C(C3=NC(C=4C=CC=CC4)C(O3)(CCC(C)C)CCC(C)C)(C)C"
"2222165-61-7","YES","2222165-61-7","O=P1OC(C=2C=C(C=C(C2)C(C)(C)C)C(C)(C)C)(C=3C=C(C=C(C3)C(C)(C)C)C(C)(C)C)C4OC(OC4C(O1)(C=5C=C(C=C(C5)C(C)(C)C)C(C)(C)C)C=6C=C(C=C(C6)C(C)(C)C)C(C)(C)C)(C)C"
"255884-98-1","YES","255884-98-1","C=1C=CC(=CC1)P(C=2C=CC=CC2)C=3C=CC=CC3C(N(C)C)C45=[CH]6[CH]7=[CH]8[C-]4(P(C=9C=CC=CC9)C=%10C=CC=CC%10)[Fe+2]%11%12%13%147685[CH]=%15[CH]%14=[CH]%13[CH-]%12[CH]%15%11"
"1045861-57-1","YES","1045861-57-1","[Cl-][Ni+4]1234(=[C-2]5N(C=CN5C=6C(=CC(=CC6C)C)C)C=7C(=CC(=CC7C)C)C)C=8(C)C4(C)=C3(C)[C-]2(C)C81C"
"2706576-79-4","YES","2706576-79-4","N1=C(C2=NC(CN2C3=CC=CC(=C3)C(C)(C)C)C(C)CC)N(C4=CC=CC(=C4)C(C)(C)C)CC1C(C)CC"
"2575138-45-1","YES","2575138-45-1","N1=C(C2=NC(CN2C3=CC=C(C=C3)C)C(C)CC)N(C4=CC=C(C=C4)C)CC1C(C)CC"
"2764676-48-2","YES","2764676-48-2","N=1C(=CC=C2C1C3C(C2)C43COC(OC4)(C=5C=CC=CC5)C=6C=CC=CC6)C=7N=C8C(=CC7)CC9C8C%109COC(OC%10)(C=%11C=CC=CC%11)C=%12C=CC=CC%12"
"2020384-20-5","YES","2020384-20-5","[Cl-][Ni+4]([Cl-])(=[C-2]1N(C=CN1C=2C(=CC=CC2C(C)C)C(C)C)C=3C(=CC=CC3C(C)C)C(C)C)[P](C4CCCCC4)(C5CCCCC5)C6CCCCC6"
"848085-28-9","YES","848085-28-9","[C]1N(C=2C(=CC(=CC2C)C)C)C(=C(N1C=3C(=CC(=CC3C)C)C)C)C"
"2035424-76-9","YES","2035424-76-9","N#CC=1C(C(=O)OCC=2C=CC=CC2)=C(C#N)C(C(=O)OCC=3C=CC=CC3)=C(C(=O)OCC=4C=CC=CC4)C1C(=O)OCC=5C=CC=CC5"
"2578382-77-9","YES","2578382-77-9","[Br-].OCCN1C=[N+](C=2C(=CC(OC)=CC2C)C)C(=C1C)C"
"2212688-94-1","YES","2212688-94-1","N1=C(C=CC=C1C2=NC(C=3C=C(C=C(C3)C)C)CO2)C4=NC(C=5C=C(C=C(C5)C)C)CO4"
"2253165-17-0","YES","2253165-17-0","N1=C(OC(C=2C=CC=CC2)(C=3C=CC=CC3)C1C=4C=CC=CC4)C(C5=NC(C=6C=CC=CC6)C(O5)(C=7C=CC=CC7)C=8C=CC=CC8)(C)C"
"2245104-75-8","YES","2245104-75-8","N=1C=CC(OC)=CC1C=2N=C(C=C(OC)C2)C"
"2103263-76-7","YES","2103263-76-7","[Cl-][Ni+4]12(=[C-2]3N(C=CN3C4CCCCC4)C5=CC=C(C=C5C)C)[CH2]=[CH]2[CH2-]1"
"1638677-61-8","YES","1638677-61-8","S1C=C(C(=C1)P(C2CCCCC2)C3CCCCC3)P(C4CCCCC4)C5CCCCC5"
"2761468-63-5","YES","2761468-63-5","O1C2=C3C(C=CC=4C=CC=CC43)=CC(C=5C=CC=CC5)=C2C6=C(OP1N(CC)CC)C7=C(C=CC8=CC=CC=C87)C=C6C=9C=CC=CC9"
"2593401-96-6","YES","2593401-96-6","O1C=2C=CC=3C=CC=CC3C2C4=C(OP1OC5=C(C=C(C(=C5C=6C(OP7OC=8C=CC=9C=CC=CC9C8C%10=C(O7)C=CC=%11C=CC=CC%11%10)=C(C=C(C6C)C(C)(C)C)C(C)(C)C)C)C(C)(C)C)C(C)(C)C)C=CC=%12C=CC=CC%124"
"1961269-71-5","YES","1961269-71-5","N1=C(OC(C=2C=CC=CC2)(C=3C=CC=CC3)C1C=4C=CC=CC4)C(C5=NC(C=6C=CC=CC6)C(O5)(C=7C=CC=CC7)C=8C=CC=CC8)(C)C"
"2489227-49-6","YES","2489227-49-6","N1=CC=CC2=CC=CC(=C12)C3=NC(CN3C4=CC=C(C=C4)C)C(C)(C)C"
"2498824-22-7","YES","2498824-22-7","N1=C(C2=NC(CN2C3=CC=CC(=C3)C(C)(C)C)C(CCC)CCC)N(C4=CC=CC(=C4)C(C)(C)C)CC1C(CCC)CCC"
"1823698-65-2","YES","1823698-65-2","N=1C(=CC=CC1C)C2=NC(CO2)C(C)(C)C"
"2245104-77-0","YES","2245104-77-0","N=1C(=CC=CC1C)C2=NC(CO2)C(C)C"
"2289642-32-4","YES","2289642-32-4","[Br-][Ni+2]1([Br-])([OH2])([OH2])[N]2=CC=C(OC)C=C2C=3C=C(OC)C=C[N]31"
"1308311-06-9","YES","1308311-06-9","N=1C(=CC=CC1C)C2=NCCO2"
"1445884-31-0","YES","1445884-31-0","FC(F)(F)C1=CC=C(C=C1)N2CP(CN(C3=CC=C(C=C3)C(F)(F)F)CP(C2)C4CCCCC4)C5CCCCC5"
"1265578-31-1","YES","1265578-31-1","[Cl-][Ni+2]12([Cl-])O(C)CCO2CCO1C"
"86664-41-7","YES","86664-41-7","[Cl-][Ni+2]12([Cl-])([P](C=3C=CC=CC3)(C=4C=CC=CC4)CCC[P]1(C=5C=CC=CC5)C=6C=CC=CC6)[P](C=7C=CC=CC7)(C=8C=CC=CC8)CCC[P]2(C=9C=CC=CC9)C=%10C=CC=CC%10"
"2417767-40-7","YES","2417767-40-7","N=1C(=CC=CC1C2CCCCC2)C3=NC4C=5C=CC=CC5CC4O3"
"1627576-09-3","YES","1627576-09-3","N#CC=1C(=C(C#N)C(=C(C#N)C1N2C=3C=CC=CC3C=4C=CC=CC42)N5C=6C=CC=CC6C=7C=CC=CC75)N8C=9C=CC=CC9C=%10C=CC=CC%108"
"2064225-11-0","YES","2064225-11-0","N#CC=1C(=C(C(=C(C#N)C1C2C=3C=CC=CC3C=4C=CC=CC42)N5C=6C=CC=CC6C=7C=CC=CC75)N8C=9C=CC=CC9C=%10C=CC=CC%108)N%11C=%12C=CC=CC%12C=%13C=CC=CC%13%11"
"2411694-93-2","YES","2411694-93-2","[Cl-][Ni+4]12(=[C-2]3N(C=4C(=CC=CC4C(C)C)C(C)C)C=5C6=CC=CC=7C=CC=C(C76)C5N3C=8C(=CC=CC8C(C)C)C(C)C)[CH2]=[CH]2[CH2-]1"
"2376917-64-3","YES","2376917-64-3","[Cl-][Ni+2]1([Cl-])[N]2=CC=C(N)C=C2C=3C=C(N)C=C[N]31"
"1639924-59-6","YES","1639924-59-6","C1=C[N+](=CN1C=2C(=CC(=CC2C3CCCC3)C4CCCC4)C5CCCC5)C6=C(C=C(C=C6C7CCCC7)C8CCCC8)C9CCCC9"
"1185771-32-7","YES","1185771-32-7","N=C(C1=NC=CC=C1)N2CCCCC2"
"2374958-80-0","YES","2374958-80-0","N1=C(C2=NC(CN2C3=CC=CC(=C3)C(C)(C)C)C(C)C)N(C4=CC=CC(=C4)C(C)(C)C)CC1C(C)C"
"2222402-19-7","YES","2222402-19-7","FC=1C=C(C=[C-]2C1C3=CC=C(C=[N]3[Ir+3]245([C-]6=CC(=CC(F)=C6C7=CC=C(C=[N]74)C(F)(F)F)C(F)(F)F)[N]8=CC=C(C=C8C=9C=C(C=C[N]95)C(C)(C)C)C(C)(C)C)C(F)(F)F)C(F)(F)F"
"2378769-76-5","YES","2378769-76-5","FC=1C=C(C=[C-]2C1C3=CC=C(C=[N]3[Ir+3]245([C-]6=CC(=CC(F)=C6C7=CC=C(C=[N]74)C(F)(F)F)C(F)(F)F)[N]8=CC=C(C=C8C=9C=C(C=C[N]95)C(C)(C)C)C(C)(C)C)C(F)(F)F)C(F)(F)F.[F-][P+5]([F-])([F-])([F-])([F-])[F-]"
"derivatives","YES","derivatives",
"2641594-37-6","YES","2641594-37-6","N1=C(C2=NC(CN2C3=CC=CC(=C3)C(C)(C)C)C(C)C)N(C4=CC=CC(=C4)C(C)(C)C)CC1C(C)C"
"1771-60-4","YES","1771-60-4","O1CCN(C(=C(N2CCOCC2)N3CCOCC3)N4CCOCC4)CC1"
"13106-73-5","YES","13106-73-5","[Li].OC"
"2585661-76-1","YES","2585661-76-1","[O].[Na].O=C(O)CN(CC(=O)O)CCN(CC(=O)O)CC(=O)O"
"2243454-28-4","YES","2243454-28-4","[Cl-][Ti+4]([Cl-])([Cl-])([Cl-])[N]=1C(=CC(=CC1C)C)C"
