,MeanDecreaseGini,Features
CAT_MinEStateIndex,5.5040961750602,CAT_MinEStateIndex
CAT_Chi4v,5.24640991586257,CAT_Chi4v
CAT_Chi3v,5.04458289098646,CAT_Chi3v
CAT_Chi2v,3.3806933707888,CAT_Chi2v
CAT_96,2.82744323564954,CAT_96
CAT_Chi1v,2.75771115845767,CAT_Chi1v
CAT_FractionCSP3,2.46327013864145,CAT_FractionCSP3
CAT_SMR_VSA5,2.41210837768327,CAT_SMR_VSA5
CAT_MolWt,2.13228235608777,CAT_MolWt
CAT_NumHeteroatoms,2.11247444875887,CAT_NumHeteroatoms
CAT_BertzCT,2.08701239998644,CAT_BertzCT
PRO_MaxPartialCharge,1.9208544197249,PRO_MaxPartialCharge
CAT_EState_VSA9,1.87706217357947,CAT_EState_VSA9
RCTB_HallKierAlpha,1.78820496818649,RCTB_HallKierAlpha
CAT_MaxEStateIndex,1.74528221003279,CAT_MaxEStateIndex
CAT_HallKierAlpha,1.7434466949077,CAT_HallKierAlpha
CAT_114,1.70872425414551,CAT_114
CAT_MaxAbsEStateIndex,1.6448538862787,CAT_MaxAbsEStateIndex
CAT_HeavyAtomMolWt,1.52304088054993,CAT_HeavyAtomMolWt
CAT_Chi0v,1.47632041597632,CAT_Chi0v
CAT_ExactMolWt,1.46699211817608,CAT_ExactMolWt
CAT_233,1.43532197182366,CAT_233
PRO_BCUT2D_CHGLO,1.36991894822478,PRO_BCUT2D_CHGLO
RCTB_SlogP_VSA3,1.31285574965244,RCTB_SlogP_VSA3
CAT_SMR_VSA10,1.2023488846671,CAT_SMR_VSA10
RCTB_MinPartialCharge,1.18393776141967,RCTB_MinPartialCharge
CAT_PEOE_VSA9,1.17004184149523,CAT_PEOE_VSA9
PRO_HallKierAlpha,1.16466817156689,PRO_HallKierAlpha
CAT_SlogP_VSA6,1.08122804735297,CAT_SlogP_VSA6
PRO_MinPartialCharge,1.08045138509134,PRO_MinPartialCharge
CAT_SMR_VSA1,1.0684425613362,CAT_SMR_VSA1
CAT_SMR_VSA7,1.06549516828057,CAT_SMR_VSA7
CAT_VSA_EState9,1.04098489180907,CAT_VSA_EState9
CAT_SlogP_VSA4,1.03890509112811,CAT_SlogP_VSA4
CAT_NumValenceElectrons,1.01139216795197,CAT_NumValenceElectrons
RCTB_MaxAbsPartialCharge,1.0091152245452,RCTB_MaxAbsPartialCharge
PRO_MaxAbsPartialCharge,0.998687682583164,PRO_MaxAbsPartialCharge
RCTB_VSA_EState8,0.972606287216047,RCTB_VSA_EState8
CAT_VSA_EState3,0.937187084192423,CAT_VSA_EState3
CAT_VSA_EState8,0.921128340492559,CAT_VSA_EState8
RCTB_Kappa1,0.904046431553695,RCTB_Kappa1
CAT_VSA_EState7,0.876213395374769,CAT_VSA_EState7
RCTB_PEOE_VSA9,0.839984878047474,RCTB_PEOE_VSA9
CAT_193,0.818685715384997,CAT_193
CAT_EState_VSA1,0.805898636779171,CAT_EState_VSA1
RCTB_VSA_EState4,0.790948619574783,RCTB_VSA_EState4
CAT_TPSA,0.781473273102555,CAT_TPSA
CAT_VSA_EState4,0.770227541613171,CAT_VSA_EState4
CAT_PEOE_VSA8,0.76935494372647,CAT_PEOE_VSA8
PRO_VSA_EState8,0.743946168407607,PRO_VSA_EState8
PRO_BCUT2D_CHGHI,0.72597185322524,PRO_BCUT2D_CHGHI
CAT_NumAromaticRings,0.711857985344826,CAT_NumAromaticRings
RCTB_Kappa2,0.707620630197623,RCTB_Kappa2
PRO_SlogP_VSA2,0.701672553334609,PRO_SlogP_VSA2
PRO_VSA_EState5,0.697607500335032,PRO_VSA_EState5
CAT_SlogP_VSA2,0.661922075525287,CAT_SlogP_VSA2
RCTB_SlogP_VSA2,0.659312181396034,RCTB_SlogP_VSA2
RCTB_MolLogP,0.646239235752614,RCTB_MolLogP
PRO_PEOE_VSA7,0.644926671788253,PRO_PEOE_VSA7
PRO_Kappa3,0.644293114006207,PRO_Kappa3
CAT_Kappa1,0.643387899567656,CAT_Kappa1
PRO_PEOE_VSA8,0.641336197750931,PRO_PEOE_VSA8
CAT_SlogP_VSA5,0.611701948107295,CAT_SlogP_VSA5
CAT_Chi0,0.610619263751095,CAT_Chi0
PRO_EState_VSA9,0.607262131319128,PRO_EState_VSA9
PRO_237,0.607163610369724,PRO_237
PRO_Chi4v,0.605465417720191,PRO_Chi4v
CAT_SlogP_VSA3,0.602439560221679,CAT_SlogP_VSA3
CAT_VSA_EState1,0.60090532847705,CAT_VSA_EState1
RCTB_BCUT2D_CHGHI,0.599147822437969,RCTB_BCUT2D_CHGHI
PRO_MolLogP,0.5886261306499,PRO_MolLogP
PRO_MinEStateIndex,0.585209513500806,PRO_MinEStateIndex
RCTB_BCUT2D_LOGPHI,0.583447671641981,RCTB_BCUT2D_LOGPHI
PRO_NumValenceElectrons,0.579583963002933,PRO_NumValenceElectrons
PRO_MaxEStateIndex,0.579357225592167,PRO_MaxEStateIndex
CAT_SlogP_VSA8,0.578200399145612,CAT_SlogP_VSA8
RCTB_PEOE_VSA7,0.575865436746112,RCTB_PEOE_VSA7
RCTB_MaxPartialCharge,0.575357539391814,RCTB_MaxPartialCharge
PRO_BalabanJ,0.57432604441785,PRO_BalabanJ
RCTB_SMR_VSA6,0.572777270347717,RCTB_SMR_VSA6
RCTB_BCUT2D_MRHI,0.564365358938329,RCTB_BCUT2D_MRHI
CAT_VSA_EState6,0.54950788166505,CAT_VSA_EState6
PRO_MinAbsPartialCharge,0.549190363321352,PRO_MinAbsPartialCharge
PRO_SMR_VSA6,0.546301831678726,PRO_SMR_VSA6
CAT_qed,0.535742487568296,CAT_qed
PRO_Kappa2,0.533892628261929,PRO_Kappa2
PRO_qed,0.528607554347216,PRO_qed
RCTB_Chi3n,0.527120774533898,RCTB_Chi3n
RCTB_BertzCT,0.526027404519131,RCTB_BertzCT
RCTB_116,0.523890351856682,RCTB_116
PRO_Chi3v,0.51869685184972,PRO_Chi3v
CAT_Chi3n,0.516087561161491,CAT_Chi3n
RCTB_TPSA,0.515595932045734,RCTB_TPSA
CAT_MolMR,0.514846432512234,CAT_MolMR
RCTB_SlogP_VSA5,0.504246394908434,RCTB_SlogP_VSA5
PRO_PEOE_VSA9,0.503331987717713,PRO_PEOE_VSA9
PRO_MolMR,0.500248259852993,PRO_MolMR
RCTB_BCUT2D_CHGLO,0.492448170522111,RCTB_BCUT2D_CHGLO
PRO_Chi3n,0.484269000106578,PRO_Chi3n
PRO_BertzCT,0.480975122193149,PRO_BertzCT
CAT_15,0.471179822184534,CAT_15
CAT_Kappa3,0.461998434823049,CAT_Kappa3
PRO_MaxAbsEStateIndex,0.458060730509275,PRO_MaxAbsEStateIndex
PRO_VSA_EState1,0.457836587035822,PRO_VSA_EState1
PRO_TPSA,0.456535619644816,PRO_TPSA
PRO_Kappa1,0.45620574787364,PRO_Kappa1
RCTB_226,0.455622683299812,RCTB_226
PRO_BCUT2D_MRHI,0.454572729009077,PRO_BCUT2D_MRHI
RCTB_Kappa3,0.454540322542571,RCTB_Kappa3
RCTB_BCUT2D_MWLOW,0.453416843389252,RCTB_BCUT2D_MWLOW
RCTB_FpDensityMorgan2,0.45189520645272,RCTB_FpDensityMorgan2
RCTB_SMR_VSA7,0.446829190947865,RCTB_SMR_VSA7
CAT_RingCount,0.446717832892862,CAT_RingCount
PRO_200,0.443876912888948,PRO_200
CAT_LabuteASA,0.441341531487235,CAT_LabuteASA
RCTB_HeavyAtomMolWt,0.435215213429385,RCTB_HeavyAtomMolWt
RCTB_fr_Ndealkylation1,0.431803006683809,RCTB_fr_Ndealkylation1
PRO_BCUT2D_LOGPHI,0.430793592456211,PRO_BCUT2D_LOGPHI
PRO_PEOE_VSA6,0.424450418664808,PRO_PEOE_VSA6
RCTB_MaxEStateIndex,0.421012390493655,RCTB_MaxEStateIndex
CAT_Chi1,0.420368681143761,CAT_Chi1
RCTB_FpDensityMorgan1,0.419717967913868,RCTB_FpDensityMorgan1
RCTB_FpDensityMorgan3,0.413110513587433,RCTB_FpDensityMorgan3
RCTB_183,0.413030557809443,RCTB_183
PRO_101,0.412385209808462,PRO_101
RCTB_Chi1v,0.40935326004106,RCTB_Chi1v
CAT_EState_VSA10,0.402946557549418,CAT_EState_VSA10
CAT_PEOE_VSA7,0.39980604337385,CAT_PEOE_VSA7
RCTB_BCUT2D_MRLOW,0.396671821436012,RCTB_BCUT2D_MRLOW
RCTB_VSA_EState6,0.392597894727912,RCTB_VSA_EState6
RCTB_EState_VSA9,0.390644363634064,RCTB_EState_VSA9
RCTB_qed,0.389609079649117,RCTB_qed
PRO_NumHAcceptors,0.384306556453117,PRO_NumHAcceptors
RCTB_BCUT2D_MWHI,0.381697250179451,RCTB_BCUT2D_MWHI
CAT_BalabanJ,0.380922481207612,CAT_BalabanJ
PRO_ExactMolWt,0.380597836975054,PRO_ExactMolWt
RCTB_BalabanJ,0.377117087867856,RCTB_BalabanJ
PRO_202,0.369764239485762,PRO_202
PRO_VSA_EState4,0.368386726159768,PRO_VSA_EState4
RCTB_PEOE_VSA13,0.365596354893115,RCTB_PEOE_VSA13
PRO_LabuteASA,0.36510833836824,PRO_LabuteASA
RCTB_LabuteASA,0.365092713633377,RCTB_LabuteASA
RCTB_PEOE_VSA6,0.363087137721041,RCTB_PEOE_VSA6
PRO_VSA_EState2,0.362691860215006,PRO_VSA_EState2
PRO_VSA_EState9,0.361712029928643,PRO_VSA_EState9
PRO_SlogP_VSA5,0.357734834964853,PRO_SlogP_VSA5
RCTB_VSA_EState1,0.356290445728276,RCTB_VSA_EState1
PRO_PEOE_VSA1,0.354988711933608,PRO_PEOE_VSA1
PRO_VSA_EState6,0.354935284326466,PRO_VSA_EState6
PRO_MinAbsEStateIndex,0.354106109226431,PRO_MinAbsEStateIndex
PRO_Chi1v,0.352796641525068,PRO_Chi1v
PRO_SMR_VSA10,0.351691380473478,PRO_SMR_VSA10
RCTB_MinAbsPartialCharge,0.350637274369823,RCTB_MinAbsPartialCharge
RCTB_ExactMolWt,0.349556728936689,RCTB_ExactMolWt
RCTB_SlogP_VSA6,0.344309712918189,RCTB_SlogP_VSA6
RCTB_MinEStateIndex,0.342261467773211,RCTB_MinEStateIndex
RCTB_PEOE_VSA1,0.341305114099523,RCTB_PEOE_VSA1
PRO_SlogP_VSA10,0.341114421066991,PRO_SlogP_VSA10
PRO_BCUT2D_MWHI,0.334255259933324,PRO_BCUT2D_MWHI
PRO_NOCount,0.333222251460452,PRO_NOCount
RCTB_Chi2n,0.332655319240146,RCTB_Chi2n
RCTB_BCUT2D_LOGPLOW,0.330523473656689,RCTB_BCUT2D_LOGPLOW
PRO_244,0.330063444175516,PRO_244
CAT_FpDensityMorgan1,0.328990385104945,CAT_FpDensityMorgan1
PRO_Chi0v,0.328412462325451,PRO_Chi0v
PRO_187,0.327507037586471,PRO_187
PRO_SMR_VSA1,0.325370707334549,PRO_SMR_VSA1
PRO_FractionCSP3,0.32118714193066,PRO_FractionCSP3
PRO_FpDensityMorgan2,0.317301000242281,PRO_FpDensityMorgan2
CAT_Chi4n,0.314689095463891,CAT_Chi4n
CAT_Chi2n,0.313293160724624,CAT_Chi2n
RCTB_EState_VSA1,0.311719759129092,RCTB_EState_VSA1
PRO_SMR_VSA7,0.311060087169263,PRO_SMR_VSA7
PRO_Chi0,0.308779933214873,PRO_Chi0
PRO_FpDensityMorgan1,0.306744075639273,PRO_FpDensityMorgan1
RCTB_PEOE_VSA8,0.30638710574711,RCTB_PEOE_VSA8
RCTB_FractionCSP3,0.30587010658853,RCTB_FractionCSP3
CAT_FpDensityMorgan3,0.303220189383049,CAT_FpDensityMorgan3
RCTB_SlogP_VSA10,0.300441257868218,RCTB_SlogP_VSA10
PRO_SlogP_VSA8,0.300155089203,PRO_SlogP_VSA8
RCTB_MinAbsEStateIndex,0.300135479971095,RCTB_MinAbsEStateIndex
RCTB_189,0.298671351446369,RCTB_189
PRO_199,0.296887664988421,PRO_199
RCTB_VSA_EState7,0.296536771331233,RCTB_VSA_EState7
RCTB_SMR_VSA10,0.295882080186415,RCTB_SMR_VSA10
PRO_SlogP_VSA6,0.29190886992741,PRO_SlogP_VSA6
PRO_FpDensityMorgan3,0.29173305839533,PRO_FpDensityMorgan3
RCTB_Chi4v,0.290652677684951,RCTB_Chi4v
CAT_202,0.289908620302068,CAT_202
PRO_EState_VSA1,0.288316473343556,PRO_EState_VSA1
RCTB_Chi0n,0.286926207137907,RCTB_Chi0n
CAT_Chi0n,0.277234208235269,CAT_Chi0n
RCTB_VSA_EState2,0.275273533672034,RCTB_VSA_EState2
RCTB_Chi4n,0.273980917661916,RCTB_Chi4n
RCTB_NumRotatableBonds,0.272713224683603,RCTB_NumRotatableBonds
RCTB_fr_amide,0.271538796635062,RCTB_fr_amide
PRO_NumRotatableBonds,0.271521028056348,PRO_NumRotatableBonds
PRO_SMR_VSA4,0.266283612700326,PRO_SMR_VSA4
PRO_VSA_EState7,0.265908309772019,PRO_VSA_EState7
PRO_255,0.262690744562215,PRO_255
RCTB_70,0.262409041277013,RCTB_70
CAT_VSA_EState2,0.261617189664374,CAT_VSA_EState2
PRO_HeavyAtomMolWt,0.260644174091919,PRO_HeavyAtomMolWt
PRO_157,0.260305831839936,PRO_157
RCTB_200,0.259126536606803,RCTB_200
CAT_201,0.258765357452089,CAT_201
PRO_Chi0n,0.255498855219176,PRO_Chi0n
RCTB_MaxAbsEStateIndex,0.255222398804761,RCTB_MaxAbsEStateIndex
CAT_82,0.253134333369302,CAT_82
CAT_186,0.252557650561243,CAT_186
PRO_Chi1,0.251080297467723,PRO_Chi1
RCTB_MolMR,0.249840745773566,RCTB_MolMR
CAT_fr_pyridine,0.247324415310508,CAT_fr_pyridine
PRO_SMR_VSA5,0.24711680542299,PRO_SMR_VSA5
PRO_12,0.246112561276159,PRO_12
RCTB_VSA_EState5,0.244400881195937,RCTB_VSA_EState5
RCTB_212,0.24379074995484,RCTB_212
RCTB_Chi0v,0.239722593622544,RCTB_Chi0v
RCTB_Chi1,0.239378280808111,RCTB_Chi1
CAT_Chi1n,0.236448566439283,CAT_Chi1n
RCTB_SMR_VSA1,0.231726426225143,RCTB_SMR_VSA1
PRO_93,0.231042936017159,PRO_93
CAT_Kappa2,0.229089182989597,CAT_Kappa2
RCTB_SlogP_VSA8,0.228423745492016,RCTB_SlogP_VSA8
RCTB_SMR_VSA5,0.227414360401213,RCTB_SMR_VSA5
RCTA_Kappa2,0.227056931177399,RCTA_Kappa2
CAT_125,0.226421583150884,CAT_125
RCTB_EState_VSA6,0.225864936173628,RCTB_EState_VSA6
RCTB_MolWt,0.22579543227607,RCTB_MolWt
CAT_NumHAcceptors,0.225170363919452,CAT_NumHAcceptors
CAT_182,0.224906305554263,CAT_182
RCTB_NumValenceElectrons,0.224892673673877,RCTB_NumValenceElectrons
PRO_EState_VSA10,0.223747074479556,PRO_EState_VSA10
RCTB_NOCount,0.223180609137607,RCTB_NOCount
PRO_SlogP_VSA1,0.221584703647945,PRO_SlogP_VSA1
PRO_PEOE_VSA10,0.219140019600849,PRO_PEOE_VSA10
PRO_EState_VSA8,0.216488272215413,PRO_EState_VSA8
CAT_FpDensityMorgan2,0.215983152549704,CAT_FpDensityMorgan2
CAT_SMR_VSA6,0.213596127853842,CAT_SMR_VSA6
RCTB_174,0.212732788101876,RCTB_174
PRO_Chi4n,0.210213515703156,PRO_Chi4n
PRO_BCUT2D_MWLOW,0.207845707927348,PRO_BCUT2D_MWLOW
PRO_87,0.207326844580394,PRO_87
PRO_Chi1n,0.206283045667441,PRO_Chi1n
RCTB_139,0.205910957436889,RCTB_139
RCTB_HeavyAtomCount,0.203552069836163,RCTB_HeavyAtomCount
CAT_PEOE_VSA2,0.20182156903606,CAT_PEOE_VSA2
RCTB_EState_VSA8,0.200682193126409,RCTB_EState_VSA8
CAT_fr_benzene,0.200628582058453,CAT_fr_benzene
RCTB_EState_VSA10,0.199168132844702,RCTB_EState_VSA10
PRO_SlogP_VSA4,0.198971293997265,PRO_SlogP_VSA4
RCTB_NumHeteroatoms,0.194102547964903,RCTB_NumHeteroatoms
PRO_75,0.19338754939225,PRO_75
CAT_63,0.192738066390802,CAT_63
RCTB_Chi0,0.188487009550156,RCTB_Chi0
PRO_96,0.188402805005612,PRO_96
CAT_64,0.187489029776532,CAT_64
RCTB_NumHAcceptors,0.183170440495849,RCTB_NumHAcceptors
RCTB_Chi1n,0.182721748598325,RCTB_Chi1n
CAT_212,0.181873065360111,CAT_212
RCTB_Chi2v,0.18053718814258,RCTB_Chi2v
CAT_74,0.180105447573197,CAT_74
PRO_VSA_EState3,0.179848685001207,PRO_VSA_EState3
CAT_175,0.177720691230401,CAT_175
PRO_Chi2n,0.175511035300969,PRO_Chi2n
PRO_14,0.175203264903887,PRO_14
RCTB_178,0.175075600070555,RCTB_178
PRO_172,0.172724882606203,PRO_172
PRO_25,0.171132415995626,PRO_25
RCTB_162,0.167911479451603,RCTB_162
RCTA_BalabanJ,0.165404067701888,RCTA_BalabanJ
PRO_Chi2v,0.16412196951937,PRO_Chi2v
RCTB_VSA_EState3,0.163667928367676,RCTB_VSA_EState3
PRO_HeavyAtomCount,0.162626770413107,PRO_HeavyAtomCount
PRO_MolWt,0.162206550017374,PRO_MolWt
RCTB_Chi3v,0.161742449273934,RCTB_Chi3v
CAT_SMR_VSA3,0.159274497928769,CAT_SMR_VSA3
RCTB_141,0.158259428225218,RCTB_141
PRO_SlogP_VSA3,0.157588633488916,PRO_SlogP_VSA3
CAT_203,0.157227863355397,CAT_203
CAT_NumAromaticHeterocycles,0.155682733341008,CAT_NumAromaticHeterocycles
PRO_fr_amide,0.155068544877724,PRO_fr_amide
RCTB_PEOE_VSA2,0.154168123120214,RCTB_PEOE_VSA2
CAT_fr_NH0,0.153148944516979,CAT_fr_NH0
RCTB_VSA_EState9,0.152250819364817,RCTB_VSA_EState9
PRO_249,0.15121816588064,PRO_249
CAT_NOCount,0.148610584221404,CAT_NOCount
CAT_PEOE_VSA5,0.148304679289374,CAT_PEOE_VSA5
CAT_VSA_EState5,0.14768582086471,CAT_VSA_EState5
PRO_BCUT2D_MRLOW,0.145712250824276,PRO_BCUT2D_MRLOW
CAT_HeavyAtomCount,0.14209919057686,CAT_HeavyAtomCount
RCTB_SlogP_VSA1,0.141495219954291,RCTB_SlogP_VSA1
PRO_115,0.140448079345674,PRO_115
RCTB_NumAromaticCarbocycles,0.138034777987635,RCTB_NumAromaticCarbocycles
CAT_138,0.134590212154568,CAT_138
RCTA_FpDensityMorgan2,0.133635677181573,RCTA_FpDensityMorgan2
CAT_131,0.132079079423676,CAT_131
PRO_197,0.131533493477857,PRO_197
RCTB_250,0.131152423085243,RCTB_250
RCTB_102,0.129945698119591,RCTB_102
PRO_SlogP_VSA7,0.128671581202385,PRO_SlogP_VSA7
PRO_fr_aniline,0.128574819463903,PRO_fr_aniline
CAT_PEOE_VSA6,0.12783802343247,CAT_PEOE_VSA6
CAT_fr_halogen,0.125221602093608,CAT_fr_halogen
PRO_89,0.123378023183679,PRO_89
RCTB_199,0.12289872183915,RCTB_199
PRO_SlogP_VSA11,0.121180690270211,PRO_SlogP_VSA11
RCTB_SlogP_VSA4,0.120268930047423,RCTB_SlogP_VSA4
RCTB_97,0.119491351386305,RCTB_97
RCTB_SMR_VSA9,0.119209673243912,RCTB_SMR_VSA9
RCTA_BCUT2D_LOGPHI,0.11869023024038,RCTA_BCUT2D_LOGPHI
RCTB_NumAliphaticHeterocycles,0.117380443475068,RCTB_NumAliphaticHeterocycles
PRO_fr_allylic_oxid,0.115768266325259,PRO_fr_allylic_oxid
RCTB_EState_VSA7,0.11502509575633,RCTB_EState_VSA7
RCTA_BCUT2D_CHGLO,0.114601045821471,RCTA_BCUT2D_CHGLO
RCTB_109,0.11267100000256,RCTB_109
CAT_SlogP_VSA1,0.110535002355382,CAT_SlogP_VSA1
PRO_86,0.109710380425127,PRO_86
CAT_MolLogP,0.109058215620796,CAT_MolLogP
RCTB_fr_benzene,0.10685956720709,RCTB_fr_benzene
RCTB_134,0.104953032403909,RCTB_134
RCTB_218,0.102372323650178,RCTB_218
RCTB_PEOE_VSA10,0.100722558892919,RCTB_PEOE_VSA10
PRO_204,0.0993184782635709,PRO_204
PRO_168,0.0990388317832666,PRO_168
PRO_fr_benzene,0.0988047990218724,PRO_fr_benzene
PRO_3,0.0982476695420807,PRO_3
RCTB_16,0.0967436908012898,RCTB_16
CAT_PEOE_VSA1,0.0958852830491112,CAT_PEOE_VSA1
PRO_84,0.0948913339754923,PRO_84
PRO_141,0.0944715233786166,PRO_141
CAT_fr_Ar_N,0.0943612275049878,CAT_fr_Ar_N
RCTB_176,0.0940470749858317,RCTB_176
RCTB_129,0.0935935885357573,RCTB_129
RCTB_SMR_VSA3,0.0934101289229544,RCTB_SMR_VSA3
PRO_131,0.0933398184132759,PRO_131
RCTA_MaxAbsEStateIndex,0.0924338888824257,RCTA_MaxAbsEStateIndex
RCTA_Kappa3,0.0922036339920021,RCTA_Kappa3
RCTB_163,0.0920592029829845,RCTB_163
CAT_91,0.0915831153963779,CAT_91
RCTB_fr_allylic_oxid,0.0914027158442196,RCTB_fr_allylic_oxid
PRO_164,0.0902156583459081,PRO_164
PRO_129,0.0898793956743963,PRO_129
CAT_MinPartialCharge,0.0895585188940126,CAT_MinPartialCharge
PRO_NumAliphaticRings,0.0889737954712281,PRO_NumAliphaticRings
PRO_NumSaturatedRings,0.088316100922033,PRO_NumSaturatedRings
PRO_191,0.088069913847891,PRO_191
PRO_227,0.0879586046564374,PRO_227
RCTA_FpDensityMorgan1,0.0876255866828484,RCTA_FpDensityMorgan1
CAT_NumAromaticCarbocycles,0.0867281923766915,CAT_NumAromaticCarbocycles
PRO_SMR_VSA3,0.0849747789673507,PRO_SMR_VSA3
RCTB_143,0.0843123912941248,RCTB_143
RCTB_113,0.0837593388705468,RCTB_113
PRO_43,0.0832004124862337,PRO_43
RCTB_228,0.0828647025814416,RCTB_228
CAT_PEOE_VSA3,0.082859152907603,CAT_PEOE_VSA3
PRO_BCUT2D_LOGPLOW,0.0825177230826667,PRO_BCUT2D_LOGPLOW
RCTB_87,0.0814853616983533,RCTB_87
RCTB_64,0.0814208636738542,RCTB_64
CAT_172,0.0806811508541135,CAT_172
CAT_SlogP_VSA12,0.0805747960673287,CAT_SlogP_VSA12
RCTB_86,0.0804556872604379,RCTB_86
CAT_162,0.0799475004642092,CAT_162
RCTB_54,0.0798550544781537,RCTB_54
RCTB_182,0.0785794408490061,RCTB_182
CAT_221,0.0777561910390264,CAT_221
RCTB_105,0.0775797348506191,RCTB_105
PRO_142,0.0771301391991546,PRO_142
RCTA_BertzCT,0.0769410980497046,RCTA_BertzCT
RCTB_161,0.0768087689864231,RCTB_161
PRO_39,0.0759398464359675,PRO_39
PRO_NumAromaticCarbocycles,0.0729764395532621,PRO_NumAromaticCarbocycles
PRO_4,0.07207105314959,PRO_4
PRO_fr_C_O,0.0717322377619868,PRO_fr_C_O
RCTA_BCUT2D_CHGHI,0.0717297255118463,RCTA_BCUT2D_CHGHI
PRO_NumHeteroatoms,0.0708771921830833,PRO_NumHeteroatoms
CAT_100,0.0707287623174947,CAT_100
RCTA_MinAbsPartialCharge,0.0706629175501964,RCTA_MinAbsPartialCharge
RCTB_30,0.0706278663044921,RCTB_30
SOL.CC1.CC.CC.C1,0.0703231949795273,SOL.CC1.CC.CC.C1
RCTB_39,0.0700583184144806,RCTB_39
PRO_125,0.0699295239670087,PRO_125
RCTA_MaxEStateIndex,0.0685733990821368,RCTA_MaxEStateIndex
RCTB_42,0.0685145673743412,RCTB_42
PRO_121,0.0670518871389905,PRO_121
PRO_165,0.0669508918852294,PRO_165
CAT_SlogP_VSA10,0.0667799291310495,CAT_SlogP_VSA10
PRO_76,0.0665085654576368,PRO_76
CAT_228,0.065869508480445,CAT_228
CAT_185,0.0657072408695878,CAT_185
RCTB_fr_ether,0.0655034404810876,RCTB_fr_ether
CAT_158,0.065150133121504,CAT_158
RCTA_FpDensityMorgan3,0.0650839177539059,RCTA_FpDensityMorgan3
PRO_182,0.0649421064702616,PRO_182
CAT_SMR_VSA9,0.0645421996472843,CAT_SMR_VSA9
CAT_80,0.0634509508925774,CAT_80
SOL.C1CCOC1,0.0633887414748327,SOL.C1CCOC1
PRO_219,0.0629743939547443,PRO_219
RCTA_MaxPartialCharge,0.0622737219322718,RCTA_MaxPartialCharge
PRO_183,0.0622299071688545,PRO_183
RCTB_PEOE_VSA5,0.0618780029259289,RCTB_PEOE_VSA5
RCTA_BCUT2D_MWLOW,0.0616626964596267,RCTA_BCUT2D_MWLOW
RCTB_Ipc,0.0616208364666005,RCTB_Ipc
PRO_133,0.0605466171428385,PRO_133
RCTB_fr_aniline,0.0595326655839621,RCTB_fr_aniline
CAT_NumRotatableBonds,0.0593710982234517,CAT_NumRotatableBonds
CAT_SMR_VSA4,0.0592885519857176,CAT_SMR_VSA4
PRO_85,0.0587791129045013,PRO_85
RCTB_245,0.0585918239834629,RCTB_245
CAT_EState_VSA2,0.0583004670767829,CAT_EState_VSA2
RCTB_167,0.0581176635623586,RCTB_167
PRO_111,0.0573880415880416,PRO_111
PRO_20,0.0567950042997088,PRO_20
CAT_142,0.0566417393528149,CAT_142
RCTB_36,0.0561067236324081,RCTB_36
CAT_217,0.0560620986389195,CAT_217
CAT_106,0.055518424918428,CAT_106
PRO_PEOE_VSA2,0.0549685008858229,PRO_PEOE_VSA2
PRO_241,0.0549400219626637,PRO_241
RCTB_123,0.0546694410098818,RCTB_123
RCTA_Chi4n,0.0544342104036765,RCTA_Chi4n
RCTB_244,0.0540529652110895,RCTB_244
PRO_45,0.0539540326727423,PRO_45
CAT_fr_C_O,0.0538193701790339,CAT_fr_C_O
PRO_88,0.0534560396166346,PRO_88
ADD..B...CC..CC.CC..Na...O.O,0.0533969047816458,ADD..B...CC..CC.CC..Na...O.O
PRO_128,0.0530712690558304,PRO_128
CAT_NumAliphaticHeterocycles,0.0529932595025942,CAT_NumAliphaticHeterocycles
PRO_66,0.0522740584213888,PRO_66
RCTA_BCUT2D_MWHI,0.052167611390236,RCTA_BCUT2D_MWHI
CAT_237,0.0518680575246613,CAT_237
PRO_79,0.0513384893613681,PRO_79
CAT_107,0.0511772544209524,CAT_107
CAT_PEOE_VSA10,0.0506379357125091,CAT_PEOE_VSA10
RCTB_SlogP_VSA11,0.0505967059883597,RCTB_SlogP_VSA11
PRO_102,0.0505351223218288,PRO_102
CAT_167,0.0505302478750287,CAT_167
RCTB_185,0.0502362678999402,RCTB_185
PRO_119,0.0499746962714704,PRO_119
PRO_180,0.0497744509858891,PRO_180
PRO_67,0.049596210116188,PRO_67
CAT_219,0.0494743558008017,CAT_219
CAT_fr_allylic_oxid,0.0490222016671783,CAT_fr_allylic_oxid
CAT_81,0.0489299358167104,CAT_81
RCTB_227,0.0483751144990276,RCTB_227
RCTB_192,0.0482427837544818,RCTB_192
RCTA_SlogP_VSA2,0.0479541833632905,RCTA_SlogP_VSA2
RCTB_31,0.0476532887402453,RCTB_31
RCTA_PEOE_VSA8,0.0475440551597885,RCTA_PEOE_VSA8
RCTA_RingCount,0.047513033318409,RCTA_RingCount
CAT_127,0.0474051215633501,CAT_127
RCTB_198,0.0472776415083784,RCTB_198
RCTB_NumAliphaticRings,0.0472165191825359,RCTB_NumAliphaticRings
PRO_207,0.0470990431160644,PRO_207
RCTB_144,0.047059884076727,RCTB_144
RCTA_qed,0.0470276228471654,RCTA_qed
RCTB_33,0.0467220779220779,RCTB_33
PRO_107,0.0464943207836651,PRO_107
CAT_EState_VSA8,0.0463846010714432,CAT_EState_VSA8
PRO_233,0.0461987985044295,PRO_233
PRO_RingCount,0.0456801257232341,PRO_RingCount
RCTB_NumAromaticRings,0.0456696049596047,RCTB_NumAromaticRings
CAT_249,0.0450640783779543,CAT_249
CAT_67,0.0448434632034632,CAT_67
RCTB_2,0.0448141209922909,RCTB_2
PRO_29,0.0447616071105876,PRO_29
RCTA_BCUT2D_MRHI,0.0443234126159192,RCTA_BCUT2D_MRHI
CAT_fr_ether,0.0441468553932455,CAT_fr_ether
RCTA_SlogP_VSA5,0.0440917380917381,RCTA_SlogP_VSA5
CAT_141,0.0440064314743452,CAT_141
RCTB_133,0.0437658523174849,RCTB_133
CAT_122,0.0433004495597208,CAT_122
RCTB_76,0.0431885346270607,RCTB_76
CAT_fr_Imine,0.0429782780918475,CAT_fr_Imine
RCTA_HeavyAtomMolWt,0.042773914941286,RCTA_HeavyAtomMolWt
RCTA_VSA_EState8,0.0427243251463125,RCTA_VSA_EState8
CAT_214,0.042376962204623,CAT_214
PRO_fr_ether,0.0423322907570671,PRO_fr_ether
RCTB_66,0.0421627453116207,RCTB_66
CAT_PEOE_VSA12,0.0414944617539147,CAT_PEOE_VSA12
RCTA_SMR_VSA5,0.0410208152058971,RCTA_SMR_VSA5
RCTB_fr_NH0,0.0410055211321609,RCTB_fr_NH0
PRO_160,0.0408371297708093,PRO_160
PRO_NumAromaticRings,0.0404495563919537,PRO_NumAromaticRings
PRO_113,0.0403365038287325,PRO_113
PRO_181,0.0401419210376721,PRO_181
ADD..B...CC..CC.CC..Na..,0.0399915990010584,ADD..B...CC..CC.CC..Na..
CAT_94,0.0397522154203888,CAT_94
CAT_215,0.0397503659088665,CAT_215
RCTB_96,0.0397247556729531,RCTB_96
PRO_112,0.0395047926564008,PRO_112
PRO_61,0.0394026755852843,PRO_61
RCTB_233,0.0387689663851867,RCTB_233
RCTA_NumRotatableBonds,0.0386929292929293,RCTA_NumRotatableBonds
RCTB_fr_halogen,0.0375251579681122,RCTB_fr_halogen
CAT_136,0.0375044127085873,CAT_136
CAT_129,0.0373243943191312,CAT_129
RCTB_fr_para_hydroxylation,0.0369950281203134,RCTB_fr_para_hydroxylation
RCTB_249,0.0369895339954164,RCTB_249
RCTB_254,0.0369489003393239,RCTB_254
CAT_146,0.0369110277729259,CAT_146
PRO_15,0.0366493599307456,PRO_15
PRO_167,0.0366308357948074,PRO_167
PRO_SMR_VSA9,0.036404789146116,PRO_SMR_VSA9
PRO_PEOE_VSA12,0.0362245282829788,PRO_PEOE_VSA12
RCTB_172,0.0360308949220714,RCTB_172
PRO_NumAliphaticCarbocycles,0.0360025299160053,PRO_NumAliphaticCarbocycles
CAT_1,0.0356594738594739,CAT_1
RCTB_25,0.0353707250495868,RCTB_25
RCTA_Chi2v,0.0351035541328087,RCTA_Chi2v
RCTB_PEOE_VSA14,0.034972788197601,RCTB_PEOE_VSA14
RCTA_MinPartialCharge,0.0348351503672389,RCTA_MinPartialCharge
CAT_218,0.0347752057559538,CAT_218
CAT_239,0.0347249637155306,CAT_239
RCTA_HallKierAlpha,0.0345856145580045,RCTA_HallKierAlpha
PRO_0,0.0339864433811802,PRO_0
RCTA_Chi1,0.0338937441643324,RCTA_Chi1
RCTB_NumAliphaticCarbocycles,0.0334450989775677,RCTB_NumAliphaticCarbocycles
RCTA_MinAbsEStateIndex,0.0331516522692993,RCTA_MinAbsEStateIndex
RCTB_130,0.0329241759210303,RCTB_130
PRO_161,0.0328725757641438,PRO_161
PRO_fr_NH0,0.032440948340091,PRO_fr_NH0
PRO_68,0.0323271670411829,PRO_68
CAT_13,0.0322688811028878,CAT_13
PRO_110,0.0322079096727868,PRO_110
RCTA_LabuteASA,0.0321816465716722,RCTA_LabuteASA
PRO_196,0.0319986477626858,PRO_196
RCTA_MolLogP,0.0315797385620915,RCTA_MolLogP
CAT_188,0.0310106996080914,CAT_188
RCTB_RingCount,0.0310081913116125,RCTB_RingCount
RCTA_Chi4v,0.030997699012786,RCTA_Chi4v
RCTB_114,0.0309835811247576,RCTB_114
CAT_NumAliphaticRings,0.0307513626973102,CAT_NumAliphaticRings
CAT_fr_aniline,0.0306085669047828,CAT_fr_aniline
PRO_54,0.0304382377268524,PRO_54
PRO_13,0.0302111962457464,PRO_13
SOL.CCCCCC,0.0302053918618802,SOL.CCCCCC
RCTB_166,0.0300949597543185,RCTB_166
PRO_NumSaturatedHeterocycles,0.0300303807932799,PRO_NumSaturatedHeterocycles
RCTA_PEOE_VSA7,0.0296590495190038,RCTA_PEOE_VSA7
PRO_251,0.0296095000916927,PRO_251
PRO_38,0.0295847494553379,PRO_38
RCTB_147,0.0293040296190453,RCTB_147
PRO_100,0.0284671723877848,PRO_100
PRO_120,0.0283386314853502,PRO_120
RCTB_67,0.0282641765303463,RCTB_67
RCTB_SMR_VSA4,0.0280899329372374,RCTB_SMR_VSA4
RCTA_81,0.0275996495303298,RCTA_81
CAT_PEOE_VSA11,0.0274481718069999,CAT_PEOE_VSA11
PRO_26,0.0273779553779554,PRO_26
CAT_MinAbsPartialCharge,0.0273472846568499,CAT_MinAbsPartialCharge
PRO_189,0.0269860824998756,PRO_189
CAT_101,0.0267863906869937,CAT_101
CAT_207,0.0266712744932114,CAT_207
CAT_111,0.0266085576259489,CAT_111
CAT_86,0.0261062508809021,CAT_86
CAT_192,0.0259818443892811,CAT_192
CAT_55,0.0255657777424374,CAT_55
RCTB_206,0.0255434318800896,RCTB_206
PRO_1,0.0254698412698413,PRO_1
PRO_169,0.0254217061500758,PRO_169
CAT_213,0.0251910559006211,CAT_213
CAT_69,0.0249598462409701,CAT_69
RCTA_Chi2n,0.0248853456221198,RCTA_Chi2n
RCTB_187,0.0248791432486394,RCTB_187
RCTB_94,0.0248451458647047,RCTB_94
PRO_203,0.0246443051201672,PRO_203
PRO_64,0.0245333333333333,PRO_64
PRO_248,0.0245163688841844,PRO_248
RCTB_38,0.0244158119658121,RCTB_38
RCTB_216,0.0242887914449625,RCTB_216
PRO_130,0.0239085137085137,PRO_130
RCTB_1,0.023664041335009,RCTB_1
PRO_21,0.0236128305997694,PRO_21
RCTB_175,0.0235509852751788,RCTB_175
RCTA_Ipc,0.0233333333333333,RCTA_Ipc
PRO_158,0.0233142857142857,PRO_158
RCTB_203,0.023311693371301,RCTB_203
RCTB_125,0.022842105263158,RCTB_125
PRO_175,0.02275,PRO_175
RCTB_79,0.0225440028838422,RCTB_79
PRO_106,0.0223767664234478,PRO_106
PRO_91,0.0221784403310913,PRO_91
PRO_2,0.021861355265983,PRO_2
RCTA_MolWt,0.0216198368261078,RCTA_MolWt
RCTA_178,0.0214914170401237,RCTA_178
CAT_fr_C_O_noCOO,0.0214450528633037,CAT_fr_C_O_noCOO
RCTB_fr_C_O_noCOO,0.0211812386214331,RCTB_fr_C_O_noCOO
RCTB_45,0.0209851825593761,RCTB_45
PRO_145,0.0209347292311211,PRO_145
RCTB_fr_term_acetylene,0.0207296621690113,RCTB_fr_term_acetylene
CAT_227,0.0206861586013716,CAT_227
PRO_fr_C_O_noCOO,0.0205795530461566,PRO_fr_C_O_noCOO
RCTB_164,0.0205522094559631,RCTB_164
CAT_253,0.0203627067198636,CAT_253
PRO_176,0.0198086710471585,PRO_176
CAT_57,0.0196821775386839,CAT_57
PRO_214,0.0195448766844648,PRO_214
RCTA_VSA_EState4,0.0195135114933376,RCTA_VSA_EState4
RCTB_73,0.0191934080421885,RCTB_73
RCTB_4,0.0189107428802804,RCTB_4
PRO_40,0.0188333333333333,PRO_40
CAT_45,0.0188090853026098,CAT_45
PRO_186,0.0188004309416074,PRO_186
PRO_NumAliphaticHeterocycles,0.0187619047619048,PRO_NumAliphaticHeterocycles
PRO_7,0.0186507177033493,PRO_7
RCTA_PEOE_VSA14,0.0186346830517153,RCTA_PEOE_VSA14
RCTB_111,0.0186260988439475,RCTB_111
CAT_59,0.018535294117647,CAT_59
PRO_28,0.0184503224139046,PRO_28
PRO_254,0.0182011524121591,PRO_254
RCTA_Chi3n,0.0179504643962848,RCTA_Chi3n
PRO_245,0.0179333333333333,PRO_245
CAT_211,0.017764133945266,CAT_211
RCTB_26,0.017754758285193,RCTB_26
PRO_225,0.0176846500660224,PRO_225
PRO_218,0.0176580086580085,PRO_218
CAT_26,0.0175746031746032,CAT_26
RCTB_NumSaturatedRings,0.0172689754689756,RCTB_NumSaturatedRings
CAT_224,0.01715670995671,CAT_224
RCTB_88,0.0171367770018932,RCTB_88
RCTB_157,0.0169328671328671,RCTB_157
PRO_58,0.0166222148394242,PRO_58
PRO_63,0.0164571428571429,PRO_63
RCTB_63,0.0164464285714286,RCTB_63
RCTB_186,0.016362358276644,RCTB_186
PRO_94,0.016273171503749,PRO_94
PRO_PEOE_VSA14,0.0161732782284889,PRO_PEOE_VSA14
PRO_124,0.0160252550998284,PRO_124
RCTA_NumSaturatedRings,0.016,RCTA_NumSaturatedRings
PRO_81,0.016,PRO_81
RCTA_VSA_EState9,0.0155857142857143,RCTA_VSA_EState9
CAT_184,0.0154913043478261,CAT_184
PRO_27,0.015438813786384,PRO_27
RCTB_151,0.0153721212121212,RCTB_151
RCTA_MolMR,0.0152810883421229,RCTA_MolMR
RCTA_VSA_EState1,0.0152777777777778,RCTA_VSA_EState1
PRO_192,0.0152163415960859,PRO_192
RCTB_fr_C_O,0.0149090438364233,RCTB_fr_C_O
CAT_8,0.0148900276873402,CAT_8
PRO_122,0.0148730158730159,PRO_122
CAT_166,0.0148374741200828,CAT_166
PRO_9,0.0148200501253132,PRO_9
RCTB_251,0.0147010558069381,RCTB_251
PRO_114,0.014093325218097,PRO_114
RCTA_Kappa1,0.0140282283831161,RCTA_Kappa1
PRO_137,0.0137253279225984,PRO_137
RCTB_208,0.0137060321144755,RCTB_208
RCTB_fr_bicyclic,0.0135519807923174,RCTB_fr_bicyclic
RCTA_83,0.0135142857142857,RCTA_83
PRO_185,0.013384126984127,PRO_185
RCTB_119,0.01325,RCTB_119
RCTA_SMR_VSA10,0.0132280701754386,RCTA_SMR_VSA10
RCTB_235,0.0131756613756623,RCTB_235
RCTB_128,0.0130283777946587,RCTB_128
RCTA_Chi0,0.0130003264221877,RCTA_Chi0
RCTA_Chi0n,0.0129619047619048,RCTA_Chi0n
PRO_216,0.0129051091035453,PRO_216
RCTB_80,0.0128242424242424,RCTB_80
RCTB_210,0.0128,RCTB_210
CAT_87,0.01248033126294,CAT_87
RCTB_214,0.0124,RCTB_214
RCTB_106,0.012323529411766,RCTB_106
PRO_31,0.0122769230769231,PRO_31
PRO_80,0.0122352941176471,PRO_80
PRO_69,0.0121460363535836,PRO_69
SOL.CC1.CC.CC.C1.C1CCOC1,0.0117948124275588,SOL.CC1.CC.CC.C1.C1CCOC1
PRO_11,0.0117872337439029,PRO_11
PRO_246,0.0115973084886128,PRO_246
PRO_105,0.0110395989974937,PRO_105
CAT_177,0.0109410430839031,CAT_177
PRO_134,0.010888155922039,PRO_134
RCTB_49,0.0108464069264075,RCTB_49
CAT_77,0.0106666666666667,CAT_77
RCTA_214,0.0106637845743571,RCTA_214
PRO_46,0.0104134623830276,PRO_46
RCTB_28,0.01037606087211,RCTB_28
PRO_fr_para_hydroxylation,0.0103589743589744,PRO_fr_para_hydroxylation
RCTA_SlogP_VSA3,0.0103333333333333,RCTA_SlogP_VSA3
CAT_fr_para_hydroxylation,0.0102424242424242,CAT_fr_para_hydroxylation
CAT_133,0.0102,CAT_133
RCTB_219,0.0101770432182197,RCTB_219
RCTA_PEOE_VSA9,0.0100440868865647,RCTA_PEOE_VSA9
CAT_27,0.01,CAT_27
CAT_255,0.00980952380952381,CAT_255
RCTA_MinEStateIndex,0.00972549019607844,RCTA_MinEStateIndex
RCTA_101,0.00960000000000001,RCTA_101
RCTA_NumHAcceptors,0.00953333333333333,RCTA_NumHAcceptors
CAT_51,0.00947802125634941,CAT_51
RCTA_247,0.00942857142857143,RCTA_247
RCTB_138,0.00933998357963873,RCTB_138
RCTA_Chi3v,0.00933333333333334,RCTA_Chi3v
RCTB_241,0.00930942028985508,RCTB_241
RCTB_154,0.00920076225980796,RCTB_154
CAT_33,0.00906666666666666,CAT_33
CAT_168,0.00888888888888889,CAT_168
PRO_42,0.00883333333333334,PRO_42
RCTA_233,0.0088,RCTA_233
RCTA_NumHeteroatoms,0.00876923076923077,RCTA_NumHeteroatoms
PRO_138,0.00870238095238096,PRO_138
PRO_90,0.00842115027829407,PRO_90
PRO_32,0.0084,PRO_32
RCTA_92,0.0080952380952381,RCTA_92
RCTB_100,0.008,RCTB_100
PRO_49,0.00798484848484849,PRO_49
PRO_fr_bicyclic,0.00788235294117632,PRO_fr_bicyclic
RCTB_158,0.00773333333333334,RCTB_158
CAT_121,0.00749099674933401,CAT_121
RCTA_NumAliphaticHeterocycles,0.00738888888888889,RCTA_NumAliphaticHeterocycles
PRO_NumSaturatedCarbocycles,0.00718046132971506,PRO_NumSaturatedCarbocycles
RCTB_13,0.00706214689265562,RCTB_13
RCTB_160,0.00705408737603882,RCTB_160
CAT_119,0.00700630630630631,CAT_119
CAT_fr_ketone,0.00698762062964721,CAT_fr_ketone
RCTB_145,0.00695000000000004,RCTB_145
RCTB_NumSaturatedCarbocycles,0.00681252869837832,RCTB_NumSaturatedCarbocycles
RCTB_136,0.00677360296228313,RCTB_136
RCTB_193,0.00676678985599614,RCTB_193
CAT_34,0.00675339581164127,CAT_34
RCTA_NumSaturatedHeterocycles,0.00675,RCTA_NumSaturatedHeterocycles
RCTA_MaxAbsPartialCharge,0.00666666666666667,RCTA_MaxAbsPartialCharge
CAT_53,0.00660256410256414,CAT_53
PRO_136,0.0065934065934066,PRO_136
CAT_12,0.0063030303030303,CAT_12
PRO_104,0.00627880103531803,PRO_104
PRO_162,0.00622222222222222,PRO_162
RCTB_107,0.0062222222222222,RCTB_107
CAT_39,0.0062222222222222,CAT_39
RCTA_HeavyAtomCount,0.0062,RCTA_HeavyAtomCount
PRO_97,0.0062,PRO_97
RCTB_fr_methoxy,0.00614901960784314,RCTB_fr_methoxy
PRO_fr_halogen,0.00610009884225531,PRO_fr_halogen
CAT_110,0.0058974358974359,CAT_110
CAT_38,0.0058653198653199,CAT_38
RCTA_SMR_VSA1,0.00571428571428571,RCTA_SMR_VSA1
RCTA_EState_VSA1,0.00566666666666667,RCTA_EState_VSA1
RCTA_Chi0v,0.00566666666666667,RCTA_Chi0v
PRO_8,0.00565517667408032,PRO_8
CAT_251,0.00547089947090014,CAT_251
RCTA_135,0.005,RCTA_135
RCTA_ExactMolWt,0.005,RCTA_ExactMolWt
RCTA_SMR_VSA2,0.0048,RCTA_SMR_VSA2
RCTB_15,0.00464307359307446,RCTB_15
PRO_206,0.00441176470588221,PRO_206
CAT_79,0.00426014795981426,CAT_79
CAT_fr_amidine,0.00414858069748662,CAT_fr_amidine
PRO_73,0.00407612587149048,PRO_73
RCTA_Chi1n,0.004,RCTA_Chi1n
RCTB_225,0.00388498879761016,RCTB_225
PRO_132,0.00387096774193665,PRO_132
RCTB_0,0.00387096774193548,RCTB_0
RCTA_100,0.00381818181818184,RCTA_100
PRO_56,0.00376333628057768,PRO_56
CAT_252,0.00362903225806452,CAT_252
CAT_2,0.00333333333333333,CAT_2
RCTA_NOCount,0.0032,RCTA_NOCount
RCTA_Chi1v,0.003,RCTA_Chi1v
RCTA_EState_VSA8,0.003,RCTA_EState_VSA8
PRO_210,0.003,PRO_210
PRO_215,0.00272222222222222,PRO_215
RCTA_PEOE_VSA1,0.00266666666666667,RCTA_PEOE_VSA1
CAT_144,0.00266666666666667,CAT_144
RCTA_82,0.00266666666666667,RCTA_82
RCTA_159,0.00266666666666667,RCTA_159
RCTA_NumValenceElectrons,0.00266666666666667,RCTA_NumValenceElectrons
RCTB_fr_ester,0.00266666666666667,RCTB_fr_ester
CAT_152,0.002,CAT_152
PRO_235,0.002,PRO_235
RCTB_239,0.00188235294117646,RCTB_239
CAT_105,0.00171428571428571,CAT_105
RCTA_117,0.000739393939394034,RCTA_117
CAT_126,0.000471830985915517,CAT_126
RCTA_221,0,RCTA_221
RCTA_TPSA,0,RCTA_TPSA
RCTA_EState_VSA9,0,RCTA_EState_VSA9
RCTA_NumAliphaticRings,0,RCTA_NumAliphaticRings
RCTB_40,0,RCTB_40
RCTB_48,0,RCTB_48
RCTB_81,0,RCTB_81
RCTB_122,0,RCTB_122
CAT_116,0,CAT_116
CAT_225,0,CAT_225
CAT_Ipc,0,CAT_Ipc
PRO_34,0,PRO_34
PRO_139,0,PRO_139
PRO_198,0,PRO_198
PRO_Ipc,0,PRO_Ipc
PRO_fr_ester,0,PRO_fr_ester
PRO_fr_methoxy,0,PRO_fr_methoxy
SOL.CC.N,0,SOL.CC.N
